1,Phillipe,Menico,pmenico0@odnoklassniki.ru,Bigender,4923349879,China,18/12/2013
2,Fey,Kernan,fkernan1@ted.com,Female,8588950489,Japan,18/12/2001
3,Claiborn,Witchalls,cwitchalls2@toplist.cz,Male,6192811194,Brazil,01/02/2010
4,Dolores,Wickliffe,dwickliffe3@ihg.com,Female,7286435930,Armenia,18/05/2020
5,Ceciley,Pendrill,cpendrill4@dion.ne.jp,Female,6153285628,China,17/02/2018
6,Gaby,Allwood,gallwood5@pbs.org,Genderfluid,3321499558,Czech Republic,19/10/2005
7,Thoma,Brigham,tbrigham6@smugmug.com,Male,3088873612,China,26/04/2018
8,Aubrie,Papaminas,apapaminas7@foxnews.com,Female,1332065372,Japan,14/10/2014
9,Marybelle,Rowat,mrowat8@nsw.gov.au,Female,7373021881,Indonesia,30/05/2013
10,Lavinia,Antram,lantram9@nbcnews.com,Genderqueer,4265229945,Russia,09/03/2017
11,Franklyn,Hannant,fhannanta@usgs.gov,Male,8311223999,Japan,25/05/2022
12,Val,Beilby,vbeilbyb@howstuffworks.com,Female,9376293738,Dominican Republic,26/02/2007
13,Pete,Buxy,pbuxyc@purevolume.com,Male,4914631310,Brazil,05/09/2000
14,Jarred,Fagge,jfagged@google.co.jp,Male,5395625838,Brazil,18/02/2016
15,Glory,Ghidini,gghidinie@umn.edu,Female,6266405440,United States,24/07/2016
16,Baxie,Blowfield,bblowfieldf@ocn.ne.jp,Male,7193939127,Morocco,06/07/2015
17,Karel,Paffot,kpaffotg@rediff.com,Female,6275609231,Brazil,01/02/2002
18,Artemus,Courtliff,acourtliffh@psu.edu,Agender,8825399733,South Africa,08/09/2017
19,Wald,Shingles,wshinglesi@fda.gov,Male,9983690826,Norway,23/05/1997
20,Lacie,Skipsey,lskipseyj@bizjournals.com,Female,5223961086,Brazil,10/06/2004
21,Diarmid,Swaton,dswatonk@imdb.com,Male,7473635992,Russia,25/08/2008
22,Bradley,Dunston,bdunstonl@cam.ac.uk,Male,8114762130,Vietnam,19/05/2003
23,Stanley,MacFarlane,smacfarlanem@princeton.edu,Male,7128389346,Indonesia,20/05/2005
24,Nola,Coen,ncoenn@squidoo.com,Female,6213123930,Japan,17/10/2017
25,Bernita,Jirousek,bjirouseko@mozilla.com,Female,6747226127,Cameroon,01/09/2005
26,Thornton,Ivison,tivisonp@tumblr.com,Male,5591756754,Russia,09/12/2006
27,Osbert,Sherbourne,osherbourneq@mapy.cz,Male,6611380760,China,14/11/2003
28,Oberon,Elvidge,oelvidger@nsw.gov.au,Male,2951021751,Mexico,30/11/2003
29,Ingaberg,Caldaro,icaldaros@comsenz.com,Female,6669160519,Czech Republic,01/03/2010
30,Octavius,Bullene,obullenet@bloglovin.com,Male,6058333130,Indonesia,02/05/2007
31,Rhianna,Colclough,rcolcloughu@stumbleupon.com,Female,1884539568,China,29/04/2011
32,Max,Ginity,mginityv@mlb.com,Male,6962797890,Sweden,14/09/2001
33,Christyna,Throssell,cthrossellw@whitehouse.gov,Female,1119434322,Japan,27/09/2003
34,Tiebold,Kibbey,tkibbeyx@nyu.edu,Genderfluid,1717949715,Poland,04/08/1998
35,Violet,Hofton,vhoftony@blinklist.com,Female,4565773100,China,05/05/2006
36,Ned,Kenrat,nkenratz@msu.edu,Male,4681853253,China,02/03/2014
37,Amara,Standidge,astandidge10@unesco.org,Female,8822334927,Sweden,18/07/2012
38,Shem,Lindley,slindley11@ning.com,Male,8699611016,China,06/01/1999
39,Dollie,de Castelain,ddecastelain12@reuters.com,Female,5802994649,Norway,18/12/2010
40,Sue,Sichardt,ssichardt13@scribd.com,Female,4713805047,China,19/01/2006
41,Katrinka,Vockins,kvockins14@youtu.be,Female,4683372155,Philippines,15/12/1998
42,Clem,Mindenhall,cmindenhall15@quantcast.com,Male,9073637570,China,15/03/2002
43,Aliza,O'Henehan,aohenehan16@ovh.net,Female,1533018358,Poland,15/01/2009
44,Cornall,Bambery,cbambery17@blogger.com,Male,3301625259,Philippines,27/07/2007
45,Anastasie,Chishull,achishull18@woothemes.com,Female,7312799887,China,15/01/2017
46,Josepha,Hintzer,jhintzer19@cisco.com,Female,3205315430,Portugal,08/01/2015
47,Othella,Colleton,ocolleton1a@infoseek.co.jp,Female,6399722915,Portugal,26/03/2019
48,Dara,Liddington,dliddington1b@mtv.com,Female,8921121530,Liberia,13/12/2017
49,Xever,Sturrock,xsturrock1c@hostgator.com,Male,9791680211,Colombia,05/08/2001
50,Ruthi,Alliberton,ralliberton1d@reference.com,Female,9115636483,Poland,09/08/2014
51,Sherlocke,Garcia,sgarcia1e@dot.gov,Male,3608028101,Russia,13/05/2021
52,Mathilda,Probets,mprobets1f@wikipedia.org,Female,9711005674,United States,16/10/2016
53,Oralle,Kinane,okinane1g@admin.ch,Female,1213781236,Indonesia,26/06/2004
54,Tades,Sheridan,tsheridan1h@eepurl.com,Male,5704319592,Sweden,09/08/2018
55,Tuck,Haseley,thaseley1i@cisco.com,Male,6077136260,Poland,27/12/1996
56,Gare,Blackborn,gblackborn1j@shutterfly.com,Male,8065064859,North Korea,02/11/1997
57,Howard,Snazel,hsnazel1k@live.com,Male,6834005096,Finland,09/04/2004
58,Quinton,Coppenhall,qcoppenhall1l@about.me,Bigender,8927832073,Palestinian Territory,09/11/1995
59,Tonya,Bridgestock,tbridgestock1m@squarespace.com,Female,7204253429,Norway,07/08/2019
60,Emelen,Foskew,efoskew1n@parallels.com,Male,3052510854,Russia,14/03/2010
61,Bebe,Althorp,balthorp1o@nifty.com,Female,4307693400,Uzbekistan,11/04/2020
62,Elane,Delgaty,edelgaty1p@princeton.edu,Female,3559823567,Peru,18/12/2008
63,Blair,Stanesby,bstanesby1q@mail.ru,Female,8897973602,Belarus,01/03/2018
64,Wake,Cazin,wcazin1r@go.com,Male,9746671306,Indonesia,17/03/1997
65,Gerick,Cranshaw,gcranshaw1s@bandcamp.com,Male,8738649692,Russia,19/03/2011
66,Iver,Bett,ibett1t@so-net.ne.jp,Male,3914219853,Tajikistan,19/12/1994
67,Barrie,Raylton,braylton1u@example.com,Non-binary,1169399747,Russia,23/12/1994
68,Sapphira,Briggdale,sbriggdale1v@wikia.com,Female,3019354728,China,04/04/2001
69,Josefina,Bennitt,jbennitt1w@washington.edu,Female,5711790714,Vietnam,18/10/2022
70,Elsie,Currell,ecurrell1x@reuters.com,Female,4555180001,Indonesia,21/03/2004
71,Pepillo,Sinclaire,psinclaire1y@people.com.cn,Male,9799275941,China,09/12/2008
72,Matthias,Hackin,mhackin1z@godaddy.com,Male,1792884623,Iran,13/12/1994
73,Claiborne,Rontree,crontree20@aboutads.info,Male,1472866526,Venezuela,24/02/2015
74,Hilton,Jenny,hjenny21@squarespace.com,Male,2985814488,China,01/04/2010
75,Rachael,Brechin,rbrechin22@pcworld.com,Female,1258007931,Indonesia,30/09/2009
76,Sylvester,Devereu,sdevereu23@springer.com,Genderqueer,6458236369,France,03/07/2021
77,Junie,Harlin,jharlin24@bandcamp.com,Female,3296080860,Nicaragua,09/12/2010
78,Anstice,Pailin,apailin25@163.com,Female,4376070096,Egypt,16/12/1995
79,Gary,Gerrietz,ggerrietz26@foxnews.com,Male,3214696870,Sweden,23/09/1999
80,Bendite,Stocks,bstocks27@latimes.com,Non-binary,1509011131,Thailand,01/06/2017
81,Joe,Soldi,jsoldi28@nbcnews.com,Male,3032103391,United States,14/07/2002
82,Ignace,Pygott,ipygott29@webs.com,Male,7966757926,Indonesia,09/02/2008
83,Kristos,Tomaszynski,ktomaszynski2a@uol.com.br,Male,1407300720,Poland,11/11/1995
84,Dix,Tompkins,dtompkins2b@patch.com,Polygender,4634681616,Argentina,30/04/2021
85,Aymer,Clampe,aclampe2c@microsoft.com,Male,2261164764,China,23/08/2000
86,Evy,Firman,efirman2d@google.it,Female,2391009480,Pakistan,26/04/2019
87,Reba,Millbank,rmillbank2e@cbsnews.com,Female,3102898654,Belgium,03/04/2003
88,Frederigo,Sidry,fsidry2f@shutterfly.com,Male,3716234571,Morocco,15/03/2019
89,Pen,Walisiak,pwalisiak2g@oaic.gov.au,Male,4253630979,United States,29/09/2010
90,Tamarah,Currie,tcurrie2h@cnbc.com,Female,8588479389,Indonesia,09/11/1999
91,Manny,Tungay,mtungay2i@deviantart.com,Male,3558394039,Germany,19/05/2012
92,Lonnie,McAnulty,lmcanulty2j@xing.com,Male,5504478330,Poland,13/02/2000
93,Geri,Spaunton,gspaunton2k@wired.com,Male,1019996930,China,09/12/2021
94,Ines,Maplestone,imaplestone2l@walmart.com,Female,6437392397,Canada,29/12/2014
95,Charin,Stiles,cstiles2m@barnesandnoble.com,Female,5029387351,China,08/05/2005
96,Radcliffe,Prestie,rprestie2n@nydailynews.com,Male,1744348619,Croatia,05/06/2018
97,Garreth,Mynett,gmynett2o@phpbb.com,Male,7147594710,Czech Republic,30/03/2004
98,Wilhelm,Tesh,wtesh2p@buzzfeed.com,Male,9619785944,Thailand,14/02/2006
99,Phedra,Lathleiffure,plathleiffure2q@wufoo.com,Female,8071628084,Argentina,11/04/2018
100,Webb,Grandham,wgrandham2r@bloglines.com,Male,7926498815,China,15/06/2004
101,Darcie,Dongles,ddongles2s@kickstarter.com,Female,3064828737,China,14/08/2016
102,Kimberli,Ledson,kledson2t@aboutads.info,Female,7315736395,Myanmar,12/07/2014
103,Tamera,Taynton,ttaynton2u@springer.com,Non-binary,6474248559,France,01/03/2022
104,Winona,Farrear,wfarrear2v@nytimes.com,Female,4998396705,China,08/10/2001
105,Clem,Jagger,cjagger2w@prnewswire.com,Genderfluid,5543316099,Indonesia,22/11/2009
106,Camey,Jury,cjury2x@mtv.com,Male,3268387256,China,04/05/2005
107,Vania,MacDowall,vmacdowall2y@google.fr,Female,2052347445,Portugal,11/09/2011
108,Heather,Hundey,hhundey2z@disqus.com,Female,4284442509,Poland,04/05/2003
109,Sophi,Bathurst,sbathurst30@imageshack.us,Female,9447091707,Nigeria,13/11/2006
110,Francesco,Doumerc,fdoumerc31@de.vu,Male,6843395663,China,19/01/2018
111,Waldo,Wood,wwood32@ox.ac.uk,Male,3863783254,Mexico,07/06/2014
112,Andrus,Santorini,asantorini33@ezinearticles.com,Non-binary,5116798551,China,18/06/2022
113,Karoly,Fairbourne,kfairbourne34@google.co.jp,Male,2021307771,Indonesia,19/12/2013
114,Henka,Findley,hfindley35@ovh.net,Female,7315231750,Brazil,23/12/2015
115,Zena,Sanches,zsanches36@samsung.com,Female,5862079516,Jamaica,05/01/2010
116,Louisa,Gallon,lgallon37@dropbox.com,Female,9874930446,Guatemala,20/12/2004
117,Lukas,Kolakovic,lkolakovic38@artisteer.com,Male,2723373424,Nigeria,01/11/1994
118,Jarib,Ever,jever39@pinterest.com,Polygender,1978666954,Vietnam,10/03/2000
119,Mella,Bodleigh,mbodleigh3a@gravatar.com,Female,1798832292,Comoros,30/07/2020
120,Gaye,Stannis,gstannis3b@wordpress.org,Female,3001854597,Peru,22/03/2018
121,Reinald,Bragge,rbragge3c@ted.com,Male,8639194196,New Zealand,10/08/2018
122,Josie,Wisbey,jwisbey3d@addthis.com,Female,1911062304,China,28/12/2010
123,Minta,Trapp,mtrapp3e@nymag.com,Female,7602964998,United States,06/07/2020
124,Brnaby,Broinlich,bbroinlich3f@chronoengine.com,Male,4603138893,Laos,09/08/2000
125,Inesita,Frango,ifrango3g@google.ca,Female,6912568015,China,10/02/2022
126,Rosanne,Gouinlock,rgouinlock3h@tumblr.com,Female,9232878857,Peru,23/06/2004
127,Gunter,Coulling,gcoulling3i@icq.com,Male,3625690940,Sweden,20/08/1999
128,Alene,Kennett,akennett3j@jugem.jp,Non-binary,1056483225,Japan,27/12/2010
129,Ivar,Hosier,ihosier3k@unesco.org,Male,9336672100,Argentina,31/08/2012
130,Mayne,Klaus,mklaus3l@earthlink.net,Bigender,6417497734,Brazil,20/01/2003
131,Katya,Swinerd,kswinerd3m@people.com.cn,Genderfluid,7267945007,Colombia,16/07/2019
132,Hamlin,Blenkinship,hblenkinship3n@myspace.com,Male,4569311722,Kazakhstan,12/10/1998
133,Linet,Filpo,lfilpo3o@dot.gov,Female,2236037891,Poland,01/03/2022
134,Dannie,MacGibbon,dmacgibbon3p@stanford.edu,Male,5478559136,Philippines,04/09/2017
135,Garvin,Travis,gtravis3q@amazon.co.jp,Male,2634838012,Uzbekistan,01/06/1994
136,Ricki,Dobrowolski,rdobrowolski3r@about.com,Female,8359139130,Argentina,28/07/2018
137,Miller,Padmore,mpadmore3s@webmd.com,Male,1679536303,Poland,14/09/2009
138,Claudell,McRobbie,cmcrobbie3t@blogs.com,Male,8104884578,Indonesia,02/04/2000
139,D'arcy,Carrell,dcarrell3u@java.com,Male,9523263142,Poland,11/10/2017
140,Corrine,Glasebrook,cglasebrook3v@printfriendly.com,Female,7549817580,Dominican Republic,04/04/2008
141,Lisbeth,Hucks,lhucks3w@marriott.com,Female,9294297231,Indonesia,24/02/2021
142,Janna,Adame,jadame3x@wikipedia.org,Female,2607644570,Egypt,12/12/2000
143,Dorrie,Mungin,dmungin3y@behance.net,Genderqueer,2949287898,France,21/05/2011
144,Pearce,Gayle,pgayle3z@scientificamerican.com,Bigender,3112959827,China,06/08/2004
145,Athena,Redemile,aredemile40@springer.com,Female,7567390584,Greece,24/11/2002
146,Lauritz,Brandle,lbrandle41@house.gov,Polygender,5109890796,Saudi Arabia,25/03/2005
147,Boy,Flips,bflips42@si.edu,Male,6045983226,Nigeria,29/01/2022
148,Tresa,Stockhill,tstockhill43@nymag.com,Female,2302894381,Sri Lanka,21/03/2013
149,Gideon,Heffy,gheffy44@bandcamp.com,Male,1738398788,Philippines,27/02/2006
150,Feodor,Malser,fmalser45@hc360.com,Male,6991178414,Ukraine,29/03/2009
151,Sammy,Tabert,stabert46@merriam-webster.com,Female,5827509403,China,02/06/2018
152,Meaghan,Caret,mcaret47@netlog.com,Female,3619659027,Brazil,12/07/2015
153,Hewe,Skokoe,hskokoe48@state.gov,Male,5941785003,Argentina,05/08/2020
154,Gayleen,Baird,gbaird49@bigcartel.com,Female,4832941224,Philippines,28/02/2021
155,Chuck,Race,crace4a@oaic.gov.au,Male,4899755814,Indonesia,23/04/2022
156,Lark,Crysell,lcrysell4b@imageshack.us,Female,6769614834,Brazil,04/11/2012
157,Merill,Prall,mprall4c@loc.gov,Male,9557722043,France,16/10/2014
158,Darice,Longcake,dlongcake4d@godaddy.com,Female,3393502371,Poland,23/04/2007
159,Trix,Winram,twinram4e@who.int,Female,8124064133,China,25/02/1996
160,Zane,Brickell,zbrickell4f@arizona.edu,Bigender,4776855160,China,13/06/1994
161,Mendie,Stoppard,mstoppard4g@ovh.net,Male,6355092114,Norway,12/01/2000
162,Karmen,Firman,kfirman4h@com.com,Genderqueer,6804038945,Portugal,19/07/1999
163,Matthaeus,Zanini,mzanini4i@kickstarter.com,Male,9958833557,China,02/03/2006
164,Toni,Jeannon,tjeannon4j@economist.com,Female,9019617315,China,29/05/2021
165,Frasquito,Lendrem,flendrem4k@discovery.com,Male,2234378892,Malawi,20/06/2013
166,Oran,Steade,osteade4l@apache.org,Male,5013509668,Philippines,13/04/2003
167,Gardiner,Raigatt,graigatt4m@sbwire.com,Male,3438465556,China,22/03/1995
168,Johnette,Laden,jladen4n@ask.com,Bigender,2026197014,United States,04/08/2006
169,Gottfried,Whitechurch,gwhitechurch4o@spotify.com,Male,2813475792,China,17/07/2008
170,Nerty,Trill,ntrill4p@howstuffworks.com,Female,5779083953,Indonesia,04/10/2001
171,Alvera,Medley,amedley4q@shutterfly.com,Genderqueer,5383943158,Iran,11/11/1999
172,Kylynn,Dillingstone,kdillingstone4r@jugem.jp,Female,2429281669,Greece,29/08/2005
173,Lanni,Battrick,lbattrick4s@imageshack.us,Female,6095668293,Japan,11/01/2011
174,Ryan,Wallicker,rwallicker4t@feedburner.com,Genderqueer,1306305426,Philippines,04/10/2003
175,Dorita,Blakeley,dblakeley4u@technorati.com,Female,8568946283,Brazil,14/08/2011
176,Daffi,Farlane,dfarlane4v@feedburner.com,Female,5839538797,China,07/03/1999
177,Silva,Grolmann,sgrolmann4w@illinois.edu,Female,8782537685,China,22/01/2007
178,Clemmie,Kleiner,ckleiner4x@who.int,Male,8602829996,China,11/03/2000
179,Flora,Matteini,fmatteini4y@harvard.edu,Female,5182299431,China,04/05/1998
180,Darice,Crim,dcrim4z@state.tx.us,Female,6143544810,Indonesia,24/09/2012
181,Lew,Siney,lsiney50@biglobe.ne.jp,Male,8198853689,Poland,04/06/2015
182,Claresta,Shoubridge,cshoubridge51@wunderground.com,Female,6728807795,Japan,02/03/2022
183,Ky,Walhedd,kwalhedd52@npr.org,Male,1756035922,Japan,21/02/2001
184,Basil,Worg,bworg53@techcrunch.com,Male,7403378659,China,01/03/2014
185,Adham,Hurne,ahurne54@sitemeter.com,Male,6476946335,Dominican Republic,09/06/2007
186,Ulrike,Magson,umagson55@army.mil,Female,6977037318,Serbia,30/10/1995
187,Clarabelle,Comiskey,ccomiskey56@com.com,Female,4094487656,China,21/06/2007
188,Vanny,Titt,vtitt57@fastcompany.com,Female,2814605260,United States,04/09/2020
189,Fraser,Salterne,fsalterne58@freewebs.com,Male,7714468179,China,02/11/2007
190,Devland,Kubes,dkubes59@addtoany.com,Male,2396592253,Poland,07/02/2003
191,Kimmie,Gumey,kgumey5a@ow.ly,Female,1351701776,China,28/06/2022
192,Rafferty,Ripley,rripley5b@ca.gov,Male,9435005626,Philippines,24/08/2006
193,Zondra,Pirrey,zpirrey5c@businesswire.com,Bigender,9373728641,Uzbekistan,05/05/2015
194,Traci,McGerr,tmcgerr5d@omniture.com,Female,6563474729,China,23/11/2004
195,Jada,Goode,jgoode5e@gov.uk,Non-binary,8988250341,Russia,08/06/1997
196,Donelle,Sumers,dsumers5f@wikia.com,Female,1353635309,Tajikistan,25/03/2017
197,Gib,Plester,gplester5g@oaic.gov.au,Male,5297257160,Colombia,06/09/1998
198,Catie,Bradneck,cbradneck5h@t-online.de,Female,6558743820,China,18/10/2000
199,Gipsy,Henriques,ghenriques5i@eepurl.com,Female,5173681430,Portugal,04/01/2014
200,Aliza,Scoffins,ascoffins5j@angelfire.com,Female,7734629542,Canada,30/03/2008
201,Corney,Bantock,cbantock5k@mayoclinic.com,Male,6627747356,Portugal,12/01/1998
202,Orlan,Siaspinski,osiaspinski5l@cafepress.com,Male,5099562497,Russia,16/01/2003
203,Rube,Hegarty,rhegarty5m@google.com.au,Male,1834523381,Russia,21/06/2014
204,Veda,Bunch,vbunch5n@icq.com,Female,7683869693,Indonesia,19/11/1997
205,Matthiew,Gianni,mgianni5o@mozilla.org,Male,7303983662,Indonesia,30/04/2021
206,Milton,Darell,mdarell5p@theguardian.com,Male,6798891246,Ukraine,25/12/2002
207,Ainslie,Jakoub,ajakoub5q@dmoz.org,Female,3279868469,Canada,02/02/2006
208,Kayne,Bricknall,kbricknall5r@sakura.ne.jp,Male,6786212029,China,04/05/2019
209,Gates,Edge,gedge5s@yellowpages.com,Genderqueer,5381004534,Indonesia,30/03/2012
210,Duncan,Shurey,dshurey5t@google.com,Male,4882550353,Philippines,04/11/2002
211,Chiquia,Clarke,cclarke5u@nasa.gov,Female,1505169980,China,24/08/2013
212,Byran,Muino,bmuino5v@mysql.com,Male,9661755925,Colombia,20/01/2008
213,Verney,Bickerstaff,vbickerstaff5w@narod.ru,Male,6793344653,Nigeria,20/12/2014
214,Sansone,Bould,sbould5x@uol.com.br,Male,5239512052,Poland,18/06/2018
215,Bernarr,Fonso,bfonso5y@admin.ch,Male,8944065933,Brazil,02/06/2005
216,Kassandra,Kmiec,kkmiec5z@mtv.com,Genderfluid,6115424172,Indonesia,25/12/2020
217,Flemming,Burgot,fburgot60@dailymail.co.uk,Male,4722365454,Mongolia,20/10/2011
218,Melisenda,Hedingham,mhedingham61@dailymotion.com,Female,9708124711,Russia,29/04/2016
219,Christal,Gawthrop,cgawthrop62@si.edu,Non-binary,5852031644,Poland,18/01/1998
220,Dierdre,Pringley,dpringley63@illinois.edu,Female,6872024934,Indonesia,25/03/2008
221,Morgen,Jandl,mjandl64@pagesperso-orange.fr,Male,2756268884,Ukraine,03/04/2015
222,Fancie,Mendonca,fmendonca65@mozilla.org,Female,9865198909,Russia,27/12/2020
223,Celie,Cauley,ccauley66@flickr.com,Female,5078127317,Indonesia,10/03/2018
224,Gae,Collison,gcollison67@smugmug.com,Female,3153154100,China,14/08/2017
225,Marcile,Sylvester,msylvester68@wunderground.com,Female,5273560694,Philippines,09/03/2013
226,Joel,Frediani,jfrediani69@4shared.com,Male,1456319535,Hungary,17/10/2001
227,Benn,Fleury,bfleury6a@prweb.com,Male,6931696752,Iraq,22/12/2014
228,Anatollo,Trenoweth,atrenoweth6b@qq.com,Male,4717579064,Thailand,18/07/2015
229,Ignacius,Downie,idownie6c@canalblog.com,Male,4191040373,China,02/12/1995
230,Pru,Stokoe,pstokoe6d@ovh.net,Female,7229279489,China,25/01/2021
231,Shaylynn,Kingerby,skingerby6e@oakley.com,Female,3679606037,Poland,27/02/2014
232,Herschel,Cavilla,hcavilla6f@reddit.com,Male,5986294785,Serbia,19/08/2003
233,Ofelia,Herche,oherche6g@jalbum.net,Bigender,6589771876,Russia,17/02/2010
234,Martino,Waddicor,mwaddicor6h@nih.gov,Male,7801207960,China,20/07/2008
235,Isidor,Hearn,ihearn6i@so-net.ne.jp,Male,8343464859,Vietnam,01/02/2007
236,Chrissy,Croasdale,ccroasdale6j@spotify.com,Bigender,9962669635,Bosnia and Herzegovina,21/10/2011
237,Ragnar,Sturm,rsturm6k@japanpost.jp,Male,6635006745,Cuba,11/06/1997
238,Foster,Sandes,fsandes6l@independent.co.uk,Male,6391551243,Bosnia and Herzegovina,06/12/1994
239,Hewett,Cosker,hcosker6m@baidu.com,Male,6056598494,China,19/11/2007
240,Shani,Ashenhurst,sashenhurst6n@dot.gov,Female,4829254371,Indonesia,03/02/2016
241,Samuel,Skippon,sskippon6o@e-recht24.de,Male,2127779379,United States,26/10/2011
242,Garrott,Braisted,gbraisted6p@netlog.com,Male,8667180978,Indonesia,20/12/2015
243,Zechariah,Moreside,zmoreside6q@facebook.com,Genderqueer,6808988326,China,14/11/1997
244,Sanson,Weyland,sweyland6r@dedecms.com,Male,1708325070,Brazil,25/10/1997
245,Boony,Robison,brobison6s@yellowbook.com,Male,8553270250,Nigeria,20/09/1995
246,Gerrie,Lawther,glawther6t@loc.gov,Male,5312204846,Egypt,31/07/2015
247,Roxy,Lott,rlott6u@weather.com,Female,3975631537,Portugal,10/01/2005
248,Elsinore,Treble,etreble6v@tiny.cc,Female,5454348413,Argentina,17/11/2012
249,Montgomery,Doding,mdoding6w@goo.gl,Male,9974391449,Guatemala,11/05/2006
250,Nata,Petschelt,npetschelt6x@patch.com,Female,4456595782,Russia,17/10/1998
251,Erny,Vennard,evennard6y@oakley.com,Male,6132233229,Russia,20/12/1994
252,Susanetta,Oxford,soxford6z@nydailynews.com,Female,8896843601,Indonesia,24/04/2018
253,Swen,Bossingham,sbossingham70@marketwatch.com,Male,4747852959,Albania,16/11/2021
254,Gilemette,Stothert,gstothert71@yellowpages.com,Female,5751429004,Portugal,28/11/1996
255,Guillema,Axelbey,gaxelbey72@jalbum.net,Genderfluid,7859444373,Chile,26/12/1995
256,Dwayne,Watkiss,dwatkiss73@indiegogo.com,Male,4713486634,Indonesia,28/12/2001
257,Cory,Pyper,cpyper74@fc2.com,Female,2806358916,Venezuela,21/02/2007
258,Angele,Bridgens,abridgens75@biblegateway.com,Female,5564375159,Philippines,21/10/1994
259,Marcellus,Renwick,mrenwick76@drupal.org,Male,8555838784,China,12/08/2013
260,Nathanil,Domenichini,ndomenichini77@zimbio.com,Male,2332388954,Malaysia,26/10/1999
261,Clementina,Freezor,cfreezor78@1und1.de,Female,2087080627,Brazil,07/05/2021
262,Dasha,Hatchell,dhatchell79@japanpost.jp,Female,8731324344,China,19/04/2015
263,Granny,Bearn,gbearn7a@php.net,Male,3734958738,France,07/11/2008
264,Petey,Whitington,pwhitington7b@mail.ru,Non-binary,6802065876,Brazil,13/12/1997
265,Julienne,Nannizzi,jnannizzi7c@cnn.com,Female,4629663279,France,10/10/2016
266,Minor,Wincom,mwincom7d@mail.ru,Male,9363959885,Liberia,17/10/2017
267,Fleming,Bresson,fbresson7e@instagram.com,Male,1343772099,China,26/03/2000
268,Maitilde,Lott,mlott7f@myspace.com,Female,3033602016,Philippines,21/10/2011
269,Concordia,Capelow,ccapelow7g@wikispaces.com,Female,7702253414,Argentina,08/03/2011
270,Davey,Haccleton,dhaccleton7h@list-manage.com,Male,1673064696,China,27/04/2011
271,Brett,Spittle,bspittle7i@prlog.org,Male,9993292246,Malaysia,23/02/2018
272,Mirella,Delepine,mdelepine7j@zimbio.com,Agender,3676572233,Brazil,09/02/2019
273,Garrek,Fischer,gfischer7k@diigo.com,Male,7054585480,Thailand,08/08/2002
274,Korey,Baack,kbaack7l@pinterest.com,Male,6699164610,Yemen,07/10/2017
275,Vergil,Perchard,vperchard7m@symantec.com,Male,6841232202,Brazil,18/05/2001
276,Silvio,Calcott,scalcott7n@163.com,Male,6209166511,Mexico,28/06/2013
277,Fabiano,Righy,frighy7o@webmd.com,Male,3643025224,Namibia,17/05/2007
278,Nettie,Beynke,nbeynke7p@studiopress.com,Female,1281788775,Philippines,26/01/2013
279,Cathyleen,Marquet,cmarquet7q@google.cn,Female,9146417406,China,24/07/1995
280,Silas,Baldam,sbaldam7r@paginegialle.it,Male,7709512101,North Korea,31/12/2010
281,Elli,MacAnulty,emacanulty7s@rakuten.co.jp,Female,3815070157,Peru,20/06/2002
282,Bendite,Bardnam,bbardnam7t@bigcartel.com,Female,9249661997,Thailand,08/11/2014
283,Gottfried,Kantor,gkantor7u@vk.com,Male,9485283125,China,22/06/1997
284,Carlotta,Trassler,ctrassler7v@mapy.cz,Female,7549994161,Russia,10/04/2018
285,Elsi,Seeney,eseeney7w@bloglovin.com,Female,4229502335,China,04/10/2016
286,Jamill,Iacovazzi,jiacovazzi7x@shop-pro.jp,Male,9731405472,Peru,06/11/2020
287,Uriah,Garvagh,ugarvagh7y@php.net,Male,7155348788,Ukraine,27/09/2017
288,Angelique,Geering,ageering7z@ibm.com,Female,2519076689,China,29/11/2020
289,Granny,Evers,gevers80@mail.ru,Male,2243989728,Pakistan,15/11/2009
290,Raleigh,L'Archer,rlarcher81@usnews.com,Male,6085487262,Brazil,26/10/2016
291,Yuri,Grzes,ygrzes82@com.com,Male,3591038937,Indonesia,02/07/1999
292,Gregorius,Matveiko,gmatveiko83@bbb.org,Male,5525166209,Thailand,09/09/2007
293,Hodge,Longstreeth,hlongstreeth84@booking.com,Male,9265315215,Israel,18/09/2008
294,Delmor,Evetts,devetts85@google.com,Bigender,7633111566,Russia,26/01/2019
295,Derrik,Pethrick,dpethrick86@bloglovin.com,Male,5707633558,Vietnam,22/04/1994
296,Lorry,Gerrans,lgerrans87@angelfire.com,Male,3176317583,China,22/05/2015
297,Charla,Hazelgreave,chazelgreave88@omniture.com,Female,8042148554,United States,26/08/2004
298,Druci,Perillio,dperillio89@pinterest.com,Genderfluid,4176026489,Bosnia and Herzegovina,27/10/2015
299,Wendie,Manlow,wmanlow8a@icio.us,Female,7139194233,Macedonia,30/10/1994
300,Venita,Reuter,vreuter8b@youtu.be,Female,8528429973,Indonesia,18/01/2015
301,Preston,Buscombe,pbuscombe8c@miitbeian.gov.cn,Male,1597092582,Indonesia,24/04/2016
302,Nissy,Zaniolini,nzaniolini8d@google.fr,Female,7746606133,Portugal,03/03/1994
303,Maxwell,Gopsill,mgopsill8e@blinklist.com,Male,2709479672,Afghanistan,01/10/1997
304,Randy,Feldberg,rfeldberg8f@rambler.ru,Female,2845907572,Philippines,08/09/1996
305,Bernardina,Zottoli,bzottoli8g@360.cn,Female,8071867652,Sweden,22/09/2004
306,Zsa zsa,Davidov,zdavidov8h@deviantart.com,Female,1047281757,Russia,28/03/2005
307,Leupold,Findlow,lfindlow8i@cafepress.com,Male,2091545165,China,13/05/2002
308,Vita,O'Skehan,voskehan8j@newsvine.com,Female,2546970089,United States,27/09/1998
309,Shannon,Mathelon,smathelon8k@army.mil,Female,4804674086,Cameroon,09/08/2001
310,Bernie,Rickford,brickford8l@tinypic.com,Male,2057465804,United States,10/09/1998
311,Waldon,Tume,wtume8m@wikispaces.com,Male,8633071910,France,28/06/2014
312,Floyd,Brushneen,fbrushneen8n@usda.gov,Male,8695789236,Cuba,13/10/2000
313,Jareb,Guterson,jguterson8o@cpanel.net,Male,3319183336,Colombia,05/05/2016
314,Mead,Elverstone,melverstone8p@tinyurl.com,Genderqueer,3723443839,Indonesia,12/07/1994
315,Anett,Dolley,adolley8q@icio.us,Female,7146132002,Ireland,17/10/2002
316,Malvin,Dugall,mdugall8r@exblog.jp,Male,5186901271,Philippines,04/01/2000
317,Lauraine,Vakhrushin,lvakhrushin8s@google.fr,Female,4102322985,Nigeria,05/06/2005
318,Alyse,Stoffers,astoffers8t@behance.net,Female,1893615406,Cameroon,02/01/1998
319,Loralee,Pegler,lpegler8u@zdnet.com,Female,1889300019,Cuba,11/09/1996
320,Winny,Goter,wgoter8v@mtv.com,Agender,3856768588,Armenia,06/11/2002
321,Ertha,Leinthall,eleinthall8w@bing.com,Polygender,5712581904,Colombia,13/10/2020
322,Phaidra,Holdren,pholdren8x@w3.org,Female,3166432470,Norway,03/04/2020
323,Kandy,Tomaszewski,ktomaszewski8y@example.com,Bigender,7243197218,Syria,18/05/2006
324,Sergei,Arntzen,sarntzen8z@constantcontact.com,Male,9439025755,Poland,11/04/2011
325,Adolph,Barry,abarry90@typepad.com,Male,4679514931,Iran,19/10/2014
326,Essie,Kelle,ekelle91@ucoz.com,Female,7397665382,Sweden,18/11/1997
327,Lorelle,Tombling,ltombling92@i2i.jp,Female,2711071569,Colombia,03/05/2002
328,Rurik,Bourget,rbourget93@admin.ch,Genderqueer,8853800723,Indonesia,30/10/2020
329,Benedict,Porcas,bporcas94@chron.com,Male,4735595256,China,13/06/2022
330,Mikey,Tod,mtod95@opensource.org,Non-binary,2109409538,China,04/08/1999
331,Leonerd,Bum,lbum96@cornell.edu,Male,6177161286,China,04/04/1998
332,Zondra,Havile,zhavile97@amazon.de,Female,2747356189,Tanzania,23/11/2017
333,Beaufort,Heam,bheam98@cafepress.com,Male,5403868386,Sweden,03/02/2005
334,Freedman,Landal,flandal99@woothemes.com,Male,5245923922,Colombia,24/01/1996
335,Humberto,Borkett,hborkett9a@ask.com,Male,5458940089,Russia,21/02/2014
336,Gayle,Crinidge,gcrinidge9b@alibaba.com,Male,2467783870,Zambia,02/05/2018
337,Rosabella,Grent,rgrent9c@springer.com,Female,9085365929,China,27/03/2016
338,Suzie,Butfield,sbutfield9d@technorati.com,Female,3736853037,Colombia,22/03/2011
339,Rayna,Purple,rpurple9e@ucsd.edu,Female,8271076963,Indonesia,13/07/2019
340,Salem,Gainfort,sgainfort9f@spotify.com,Male,6151072947,Slovenia,07/11/2016
341,Sheri,Press,spress9g@wisc.edu,Female,3191658967,United Kingdom,13/10/2018
342,Giselbert,Lanfranconi,glanfranconi9h@ed.gov,Male,6096603432,Chad,13/11/2002
343,Osbert,Heardman,oheardman9i@wikia.com,Male,5701782519,Indonesia,04/02/2009
344,Gifford,Vyvyan,gvyvyan9j@ocn.ne.jp,Male,4769905260,Philippines,17/03/2015
345,Donny,Ducarne,dducarne9k@51.la,Genderfluid,3661027613,Ukraine,16/07/2012
346,Kelly,Wyrall,kwyrall9l@i2i.jp,Male,5408924840,France,22/05/1999
347,Bink,Dumbarton,bdumbarton9m@fastcompany.com,Male,3864541739,China,20/12/1999
348,Geoff,Denziloe,gdenziloe9n@wikimedia.org,Male,8344704833,Indonesia,16/11/1994
349,Beatrix,Biglin,bbiglin9o@is.gd,Female,5449902249,Ukraine,13/11/2000
350,Allan,Pauling,apauling9p@yale.edu,Male,6109229203,Indonesia,10/08/2000
351,Brucie,Grent,bgrent9q@blogs.com,Male,6642991553,Indonesia,24/05/2017
352,Mil,Greenroad,mgreenroad9r@usatoday.com,Female,7475141130,Indonesia,06/03/2001
353,Berkly,Boutell,bboutell9s@whitehouse.gov,Male,3757829867,China,09/07/2022
354,Morgen,Lorenzetti,mlorenzetti9t@weather.com,Female,3535931254,Brazil,15/03/1999
355,Osmund,Lillecrap,olillecrap9u@globo.com,Male,9621770123,Afghanistan,23/11/2014
356,Sondra,Ortler,sortler9v@diigo.com,Female,1689439851,Czech Republic,17/03/2019
357,Fanya,Coleshill,fcoleshill9w@reuters.com,Female,2546574668,China,01/03/2017
358,Dominica,Pauwel,dpauwel9x@hud.gov,Female,2344259142,Mauritius,12/12/1994
359,Kingsley,McClosh,kmcclosh9y@symantec.com,Male,3476097870,France,17/05/2018
360,Emmott,Bussons,ebussons9z@answers.com,Male,2502169621,Peru,29/11/1995
361,Adrea,Deary,adearya0@psu.edu,Female,5213861790,Sudan,25/03/2022
362,Yvon,Windle,ywindlea1@marketwatch.com,Male,7852787270,Albania,21/04/2003
363,Jamie,Crosham,jcroshama2@amazonaws.com,Female,4652336455,Philippines,28/05/1999
364,Peri,Thompson,pthompsona3@epa.gov,Female,3911725627,Serbia,05/05/2013
365,Thaxter,Courage,tcouragea4@about.com,Male,8871029064,China,05/10/2021
366,Clayborn,Costall,ccostalla5@squidoo.com,Male,2565537208,Denmark,12/02/2010
367,Cassaundra,Casina,ccasinaa6@instagram.com,Female,2786766941,Indonesia,30/04/2022
368,Barnabas,Risman,brismana7@imdb.com,Agender,3374305269,Poland,14/01/2006
369,Leticia,Lecordier,llecordiera8@scientificamerican.com,Female,3684117225,Indonesia,13/05/2002
370,Eartha,Taunton.,etauntona9@networkadvertising.org,Female,8674180322,Somalia,02/04/1995
371,Misha,Benns,mbennsaa@angelfire.com,Female,2681336387,Somalia,15/09/1995
372,Anastassia,Cattlemull,acattlemullab@soup.io,Female,9879184859,Angola,27/11/2009
373,Antons,Fibben,afibbenac@scribd.com,Male,4964569944,Kazakhstan,22/01/2013
374,Erich,Jendrassik,ejendrassikad@goo.ne.jp,Male,4136374271,Russia,17/09/2011
375,Bendix,Earengey,bearengeyae@weebly.com,Male,6236830802,China,14/12/1998
376,Yelena,Knapman,yknapmanaf@ycombinator.com,Female,8171248324,China,18/01/1999
377,Pat,McElvine,pmcelvineag@hugedomains.com,Male,3127423627,United States,13/11/2018
378,Torrey,Ollerenshaw,tollerenshawah@vk.com,Agender,9617054290,France,30/01/2021
379,Juieta,Gregersen,jgregersenai@elpais.com,Female,4748207895,Afghanistan,15/03/2000
380,Hendrick,Steane,hsteaneaj@ted.com,Male,2584896289,Brazil,19/09/2014
381,Michal,Thurbon,mthurbonak@dell.com,Female,1843061125,Democratic Republic of the Congo,29/08/2017
382,Diego,Breazeall,dbreazeallal@quantcast.com,Male,2941863676,Vietnam,04/05/1995
383,Johnnie,Mallatratt,jmallatrattam@dmoz.org,Male,2382852178,China,02/04/2006
384,Cozmo,Burstow,cburstowan@amazon.co.jp,Male,9151860085,Mauritius,12/07/2004
385,Arin,Hindge,ahindgeao@e-recht24.de,Male,9649814268,China,23/06/2021
386,Elbert,McGillreich,emcgillreichap@hc360.com,Male,4019775519,Indonesia,19/06/2012
387,Ignace,Fairall,ifairallaq@gmpg.org,Male,9967069262,Nepal,20/12/2004
388,Dag,De Beauchemp,ddebeauchempar@telegraph.co.uk,Male,4643249519,Indonesia,12/01/2011
389,Leonora,Kirkhouse,lkirkhouseas@google.fr,Female,2165939602,Philippines,24/04/2015
390,Raymund,Odney,rodneyat@state.gov,Genderfluid,9027240458,China,18/09/2012
391,Ianthe,Gleaves,igleavesau@google.de,Female,2322580642,China,22/07/2016
392,Shayla,Bramstom,sbramstomav@geocities.jp,Genderfluid,1225756238,China,23/06/2015
393,Rachelle,Peachey,rpeacheyaw@edublogs.org,Female,8718167487,Uzbekistan,10/10/2001
394,Dela,Laphorn,dlaphornax@guardian.co.uk,Female,5868629690,Ukraine,20/08/2010
395,Nikolas,Coppenhall,ncoppenhallay@goodreads.com,Male,4339818871,Norway,30/04/2014
396,Raynard,Hurne,rhurneaz@house.gov,Male,9001372288,Mexico,15/11/2016
397,Wilt,Wasielewicz,wwasielewiczb0@slashdot.org,Male,3801466905,China,21/08/2003
398,Kippar,Kaysor,kkaysorb1@hugedomains.com,Male,8268110035,China,12/02/2017
399,Reagan,Barrar,rbarrarb2@is.gd,Male,9435474277,South Africa,16/10/2007
400,Rainer,Silver,rsilverb3@so-net.ne.jp,Male,1131790088,Kazakhstan,04/03/1996
401,Alfi,Earnshaw,aearnshawb4@bravesites.com,Female,1117903728,Japan,23/01/2002
402,Tybie,Lidell,tlidellb5@yandex.ru,Female,8249785365,Philippines,11/12/2019
403,Evelin,Rollinson,erollinsonb6@naver.com,Male,9166037413,Portugal,02/11/1999
404,Elora,Saintsbury,esaintsburyb7@google.com,Bigender,5487032212,Japan,25/02/1999
405,Skylar,Mallia,smalliab8@people.com.cn,Male,1982594747,Uganda,10/03/2016
406,Gino,Bingle,gbingleb9@squarespace.com,Male,3298305247,Russia,06/10/2006
407,Barty,Bark,bbarkba@e-recht24.de,Male,7471248178,China,17/10/2008
408,Devinne,Tetla,dtetlabb@ihg.com,Genderfluid,4539699537,China,26/04/2009
409,Fara,Fermoy,ffermoybc@utexas.edu,Female,6167858949,China,25/02/2013
410,Cassaundra,Eefting,ceeftingbd@wikispaces.com,Female,2186220863,Brazil,05/09/2007
411,Aviva,Ragless,araglessbe@jiathis.com,Female,6434962036,Denmark,17/03/1998
412,Miles,Du Plantier,mduplantierbf@ihg.com,Male,6731882195,Yemen,17/10/2014
413,Dorene,Kettley,dkettleybg@nydailynews.com,Female,6611875835,China,01/05/2005
414,Brucie,Guarnier,bguarnierbh@pcworld.com,Male,2466599806,Russia,05/04/2014
415,Krista,Northey,knortheybi@google.fr,Female,7176109152,Indonesia,25/12/2021
416,Wilone,Erratt,werrattbj@sciencedaily.com,Female,5806594722,Moldova,15/05/2007
417,Barnie,Paragreen,bparagreenbk@gmpg.org,Agender,5535179828,Poland,09/03/2016
418,Stace,Row,srowbl@joomla.org,Female,5741326388,Indonesia,10/12/1999
419,Corena,Skylett,cskylettbm@unicef.org,Female,9406464371,Thailand,25/10/2006
420,Orrin,Lowthian,olowthianbn@ifeng.com,Male,7972685298,Indonesia,14/06/2014
421,Shepherd,Chadbourne,schadbournebo@studiopress.com,Male,8802575252,China,30/08/2019
422,Christye,Sprey,cspreybp@ezinearticles.com,Female,4091142373,Russia,15/10/2018
423,Nadean,Couvert,ncouvertbq@imgur.com,Female,3586581770,Finland,21/01/2006
424,Maddie,Vassar,mvassarbr@ycombinator.com,Male,5719199704,Zimbabwe,30/12/2012
425,Packston,Cecely,pcecelybs@bandcamp.com,Bigender,6162185465,Guatemala,04/11/2011
426,Saudra,Newlin,snewlinbt@marketwatch.com,Female,5778736451,Philippines,20/04/2005
427,Hasheem,Figge,hfiggebu@hugedomains.com,Male,7472867219,Indonesia,23/08/2021
428,Lucinda,Crooks,lcrooksbv@odnoklassniki.ru,Female,9937928743,Mongolia,23/12/2011
429,Melisent,Diggar,mdiggarbw@t.co,Female,5959449992,Central African Republic,29/04/2021
430,Hamel,Thalmann,hthalmannbx@google.cn,Male,5786213386,Ukraine,22/02/2010
431,Jory,Trehearn,jtrehearnby@purevolume.com,Male,8098123968,Poland,22/06/2017
432,Skip,Babonau,sbabonaubz@issuu.com,Male,8563768066,China,22/01/2021
433,Alf,Sholl,ashollc0@1688.com,Male,4377961034,Indonesia,26/08/2009
434,Karla,Fasler,kfaslerc1@youtube.com,Female,6021326189,Portugal,05/03/2018
435,Grayce,Itzhayek,gitzhayekc2@usgs.gov,Female,1912944096,China,05/11/2013
436,Wilburt,Brazur,wbrazurc3@deliciousdays.com,Polygender,3659405615,Indonesia,12/06/2011
437,Nydia,Goshawke,ngoshawkec4@ucoz.com,Female,4087877873,Brazil,24/06/2021
438,Rudolfo,Skilling,rskillingc5@jugem.jp,Male,5477445786,Indonesia,05/04/1999
439,Natale,Couling,ncoulingc6@dagondesign.com,Male,4652767085,China,26/01/2004
440,Marlee,Chaikovski,mchaikovskic7@google.it,Female,7733887850,China,19/12/2016
441,Jocelin,Kurt,jkurtc8@woothemes.com,Female,3023178869,Poland,08/01/2020
442,Christoforo,Kinleyside,ckinleysidec9@slate.com,Male,3059001339,Sweden,27/02/2017
443,Chilton,Potteridge,cpotteridgeca@goo.gl,Male,1897795968,Sweden,09/05/2009
444,Carmencita,Lanceley,clanceleycb@jimdo.com,Bigender,5783039541,Colombia,24/07/2016
445,Al,Fri,africc@list-manage.com,Polygender,1295780115,Poland,20/09/1996
446,Lexie,Trebbett,ltrebbettcd@ehow.com,Female,6337942554,Indonesia,28/08/2006
447,Idell,Rayer,irayerce@vistaprint.com,Female,4742367094,Croatia,05/07/1995
448,Helen-elizabeth,Brodeau,hbrodeaucf@nbcnews.com,Female,4442806993,China,06/12/2002
449,Malchy,Beachem,mbeachemcg@t-online.de,Male,9616962874,Nicaragua,13/02/2000
450,Yetty,Heditch,yheditchch@bing.com,Female,3835414954,Poland,30/06/2017
451,Noach,Morilla,nmorillaci@dailymail.co.uk,Male,1823171541,Netherlands,13/02/2012
452,Redford,O'Kynsillaghe,rokynsillaghecj@npr.org,Male,6611732603,Philippines,26/06/2000
453,Thekla,Moen,tmoenck@over-blog.com,Female,9607821146,Vietnam,12/12/2018
454,Aimee,Mordacai,amordacaicl@t-online.de,Female,3421031822,Czech Republic,03/03/2001
455,Esta,Culley,eculleycm@photobucket.com,Female,9891842151,China,21/05/1995
456,Caresse,Dabs,cdabscn@engadget.com,Female,6263321878,United States,27/12/2004
457,Vivien,Chilvers,vchilversco@163.com,Agender,5923792070,Czech Republic,29/06/2001
458,Irwinn,Defries,idefriescp@dot.gov,Male,5715643655,Croatia,06/01/2009
459,Dode,Giannazzi,dgiannazzicq@example.com,Female,5088801564,Indonesia,13/08/2009
460,Hadley,Lauchlan,hlauchlancr@eventbrite.com,Male,8655782274,Colombia,26/08/2013
461,Cornie,Dallin,cdallincs@jiathis.com,Male,1142182102,Cameroon,28/01/2020
462,Alexandre,Verrall,averrallct@goo.gl,Male,9611042165,Sweden,28/08/2002
463,Frannie,Jeanequin,fjeanequincu@soundcloud.com,Male,8777450045,Russia,31/12/2017
464,Lily,Ficken,lfickencv@squarespace.com,Female,9731558525,Tajikistan,06/05/1994
465,Marketa,Martinuzzi,mmartinuzzicw@ycombinator.com,Genderfluid,9198932082,Luxembourg,12/03/1995
466,Nessie,Sambrook,nsambrookcx@yahoo.com,Female,4714377821,Dominican Republic,18/07/2007
467,Andie,Sanders,asanderscy@ebay.co.uk,Female,9164899794,United States,06/04/1996
468,Toinette,Abbett,tabbettcz@infoseek.co.jp,Female,5697766129,Philippines,11/09/2000
469,Eugen,Frankham,efrankhamd0@bbc.co.uk,Male,7757523531,Sweden,06/08/1998
470,Rodolph,Fidelus,rfidelusd1@disqus.com,Male,4848999548,China,05/10/2006
471,Marinna,Mallinder,mmallinderd2@blogtalkradio.com,Female,1031430539,Indonesia,10/01/2002
472,Cherlyn,Baumer,cbaumerd3@japanpost.jp,Female,7661611614,Serbia,06/07/1999
473,Adaline,Scafe,ascafed4@irs.gov,Female,3134335386,Brazil,05/04/2016
474,Cornela,Greenin,cgreenind5@simplemachines.org,Bigender,1216529407,China,27/04/2016
475,Pasquale,Grew,pgrewd6@sphinn.com,Male,8386381818,Philippines,15/03/2012
476,Chloette,Robison,crobisond7@nasa.gov,Female,6826372878,France,17/06/2003
477,Lizzie,McKinnell,lmckinnelld8@about.com,Female,1043688602,Czech Republic,16/02/2004
478,Pooh,Brookz,pbrookzd9@google.nl,Female,5525642437,Egypt,02/07/2010
479,Betta,Rakestraw,brakestrawda@yale.edu,Female,8171005916,Iraq,05/07/2011
480,Guenna,Segoe,gsegoedb@eepurl.com,Female,1868171763,China,17/03/2009
481,Virgilio,Gann,vganndc@skyrock.com,Male,8086608244,China,15/03/1994
482,Gail,Madle,gmadledd@sun.com,Male,9909713628,Thailand,21/12/2005
483,Ellery,Bonnesen,ebonnesende@microsoft.com,Male,8179341533,Chile,23/10/1997
484,Frants,Worms,fwormsdf@theguardian.com,Male,8493342320,Honduras,12/10/2013
485,Zachary,Hully,zhullydg@hostgator.com,Male,6222799049,Peru,23/10/2011
486,Rois,Reschke,rreschkedh@google.com.br,Female,9471126579,Egypt,18/06/2018
487,Arthur,Dangerfield,adangerfielddi@blogspot.com,Genderqueer,3947893681,China,04/06/1994
488,Hannis,Ivers,hiversdj@deliciousdays.com,Female,8514297777,China,19/08/2001
489,Winnie,Worcs,wworcsdk@fastcompany.com,Male,5644101392,Thailand,21/04/2021
490,Gabbi,Cozins,gcozinsdl@hud.gov,Female,4657226984,Nepal,31/05/2000
491,Alissa,Beglin,abeglindm@ovh.net,Female,6517716238,Japan,24/05/1995
492,Vyky,Ewert,vewertdn@columbia.edu,Female,5576736309,France,16/03/2019
493,Demetra,Sonier,dsonierdo@blogger.com,Female,2299484401,China,05/02/1994
494,Consalve,Marmion,cmarmiondp@techcrunch.com,Male,8299670630,Bosnia and Herzegovina,09/09/1995
495,Ailee,Presman,apresmandq@nih.gov,Female,3464909907,Iran,17/11/2011
496,Corinna,Dower,cdowerdr@gizmodo.com,Female,5773332622,Serbia,26/04/2008
497,Lorine,Volk,lvolkds@google.ru,Female,7315092561,Indonesia,19/12/2000
498,Alasdair,Trench,atrenchdt@cbsnews.com,Male,1254505120,China,15/07/2013
499,Maryann,Corah,mcorahdu@independent.co.uk,Female,1419971493,Norway,15/09/1999
500,Lena,Fideler,lfidelerdv@stanford.edu,Female,5231348999,Pakistan,05/03/2006
501,Brittne,Martland,bmartlanddw@businessweek.com,Female,7758880082,United States,09/03/2021
502,Adolf,Scurrell,ascurrelldx@usnews.com,Male,5483669890,China,14/12/2020
503,Raimund,Easson,reassondy@amazon.co.uk,Male,9893161080,Morocco,18/09/1999
504,Dore,Baccup,dbaccupdz@china.com.cn,Female,5651720963,Guatemala,16/06/2022
505,Tricia,Jachimak,tjachimake0@gmpg.org,Genderfluid,1966646763,Netherlands,18/12/2007
506,Anson,Hablot,ahablote1@japanpost.jp,Male,3129244384,Canada,22/11/2021
507,Aldus,Droogan,adroogane2@seattletimes.com,Male,6919186116,Indonesia,02/02/1995
508,Marvin,Camock,mcamocke3@ca.gov,Male,1473502527,Uganda,11/04/2012
509,Judd,Pasby,jpasbye4@springer.com,Male,8669485372,China,23/05/1997
510,Max,Ripsher,mripshere5@eepurl.com,Male,7225749974,Mexico,25/02/1999
511,Alexina,Naish,anaishe6@xrea.com,Female,2828481637,Poland,15/01/2011
512,Renard,Chadbourn,rchadbourne7@yale.edu,Male,5519962668,Pakistan,17/09/2009
513,Jan,MacNulty,jmacnultye8@umn.edu,Genderqueer,8933671413,China,18/06/1995
514,Tracee,Samme,tsammee9@smh.com.au,Non-binary,3297164647,Poland,25/02/2017
515,Esme,McGreay,emcgreayea@omniture.com,Female,8169389459,Czech Republic,12/02/2019
516,Moshe,Nickels,mnickelseb@chicagotribune.com,Male,5924107531,Argentina,30/05/2022
517,Jannel,Challace,jchallaceec@slideshare.net,Non-binary,5043872743,Indonesia,22/07/2022
518,Arabela,Cherry Holme,acherryholmeed@wunderground.com,Female,2711464999,Indonesia,20/03/2014
519,Catherin,Millyard,cmillyardee@businesswire.com,Female,7469211154,Indonesia,25/06/2012
520,Felice,Spacie,fspacieef@pbs.org,Male,7385748218,France,21/09/2009
521,Lyn,Poutress,lpoutresseg@mysql.com,Male,9433026840,Samoa,09/07/1999
522,Osborn,Rookeby,orookebyeh@sogou.com,Non-binary,1124832144,China,03/02/2011
523,Hatty,Petraitis,hpetraitisei@slate.com,Female,8512809136,Uzbekistan,18/07/2016
524,Lenora,Moles,lmolesej@boston.com,Agender,1918331157,China,13/04/2018
525,Gideon,Leathley,gleathleyek@rakuten.co.jp,Genderqueer,1567572994,Poland,13/04/1994
526,Lolly,Ziehms,lziehmsel@columbia.edu,Female,2199062196,China,29/08/2002
527,Tiffanie,Teese,tteeseem@vinaora.com,Female,9242889069,Palestinian Territory,15/04/2015
528,Willette,Trayte,wtrayteen@oracle.com,Female,2648822807,Philippines,07/06/2001
529,Jilli,O'Kelly,jokellyeo@mapy.cz,Female,5329722111,China,13/09/2020
530,Laurene,Garred,lgarredep@latimes.com,Female,5056453718,China,15/05/2003
531,Barton,Lamb-shine,blambshineeq@seesaa.net,Male,2986919100,Portugal,19/11/2017
532,Adams,Wyrall,awyraller@xrea.com,Male,7963100411,France,04/02/2004
533,Alfreda,Dimitru,adimitrues@sitemeter.com,Female,8908348951,Peru,02/07/2022
534,Rees,Slesser,rslesseret@youtube.com,Male,2975262212,Nigeria,07/12/2005
535,Eward,Guest,eguesteu@gmpg.org,Male,9431218481,Russia,01/02/2000
536,Garvey,Campbell-Dunlop,gcampbelldunlopev@issuu.com,Male,9154243761,Russia,09/11/1994
537,Cooper,Parkey,cparkeyew@moonfruit.com,Male,6403578568,Indonesia,22/08/2013
538,Michele,Shawel,mshawelex@meetup.com,Male,9547783788,Sweden,04/04/2004
539,Emylee,Kingsnorth,ekingsnorthey@hp.com,Female,8672412610,Russia,21/03/1996
540,Loralyn,Whisker,lwhiskerez@yahoo.com,Female,5988575199,Russia,25/12/2003
541,Karie,Dolan,kdolanf0@uiuc.edu,Female,3282411527,Costa Rica,04/11/2018
542,Ashley,Waudby,awaudbyf1@xinhuanet.com,Male,8039272011,Indonesia,07/01/2013
543,Bartholomeus,Arendt,barendtf2@fotki.com,Genderfluid,2619639856,North Korea,20/07/2018
544,Rosanne,Fellgate,rfellgatef3@linkedin.com,Female,4387856728,Russia,13/05/2009
545,Marylou,Daymond,mdaymondf4@telegraph.co.uk,Female,4457759589,France,08/12/2002
546,Levon,MacFaell,lmacfaellf5@whitehouse.gov,Male,6428338073,China,22/07/2009
547,Elyssa,Paolicchi,epaolicchif6@xinhuanet.com,Female,9834916912,Togo,21/03/2022
548,Shauna,Hise,shisef7@youtube.com,Female,7971662193,Japan,13/03/2002
549,Esme,Strangman,estrangmanf8@about.com,Female,6832884045,Philippines,30/07/1996
550,Meridith,Edmans,medmansf9@epa.gov,Female,8035514037,Hungary,25/02/2020
551,Patty,Belderfield,pbelderfieldfa@wisc.edu,Female,7232931116,Indonesia,11/03/2018
552,Harmon,Marples,hmarplesfb@aboutads.info,Male,7199667271,China,22/07/2006
553,Floria,Hinstock,fhinstockfc@goo.gl,Female,4308096230,China,23/11/2011
554,Sheila-kathryn,Cominello,scominellofd@cocolog-nifty.com,Female,8176338138,Portugal,17/08/2017
555,Petra,Jablonski,pjablonskife@wunderground.com,Genderfluid,3416149106,Armenia,08/11/2017
556,Bernetta,Americi,bamericiff@wisc.edu,Female,6067038943,Poland,23/08/2020
557,Issiah,Gerrey,igerreyfg@ft.com,Male,3842382045,Indonesia,18/03/2018
558,Alberto,Batthew,abatthewfh@shareasale.com,Male,7494058627,France,15/09/2019
559,Sterling,Dallison,sdallisonfi@unicef.org,Male,5438329610,Colombia,05/09/2016
560,Ange,Rozet,arozetfj@wikipedia.org,Female,2967620914,China,08/10/2004
561,Staci,Ianelli,sianellifk@twitter.com,Female,2071522611,Poland,12/08/1998
562,Hobie,Fautley,hfautleyfl@harvard.edu,Male,9309707953,Russia,17/11/2014
563,Yule,Klehyn,yklehynfm@thetimes.co.uk,Male,8264296411,China,22/06/1996
564,Heath,Hauxley,hhauxleyfn@sphinn.com,Non-binary,9223994641,Costa Rica,11/12/2015
565,Cora,Keoghane,ckeoghanefo@japanpost.jp,Female,4762768285,France,26/05/2021
566,Morey,Chessor,mchessorfp@discuz.net,Male,3953675481,Finland,27/05/2002
567,Avrom,Waldren,awaldrenfq@apple.com,Male,6032656690,Colombia,18/08/2007
568,Tades,Craig,tcraigfr@toplist.cz,Genderqueer,7395034621,France,16/12/2013
569,Damara,Angear,dangearfs@issuu.com,Female,5219428202,China,02/02/1999
570,Red,Pratchett,rpratchettft@xing.com,Male,8291468618,Philippines,21/03/2014
571,Deva,Cavendish,dcavendishfu@friendfeed.com,Female,6627214840,Canada,08/03/2008
572,Scott,Cawley,scawleyfv@usatoday.com,Male,8932619498,China,09/07/2019
573,Golda,Draxford,gdraxfordfw@npr.org,Female,4924856036,Philippines,17/11/2018
574,Dirk,Whilde,dwhildefx@state.gov,Male,9941224459,Argentina,04/11/2002
575,Dallon,Brewis,dbrewisfy@biblegateway.com,Male,9862863933,Indonesia,04/12/2022
576,Raychel,Rackam,rrackamfz@ezinearticles.com,Female,5846400632,Mongolia,24/05/2003
577,Phoebe,Cropper,pcropperg0@liveinternet.ru,Genderfluid,9964451814,Anguilla,25/02/2005
578,Selma,Spiaggia,sspiaggiag1@seesaa.net,Female,3906511149,Ukraine,19/02/1998
579,Clemence,Morefield,cmorefieldg2@reverbnation.com,Female,3971788469,China,08/02/2018
580,Wenda,Smalridge,wsmalridgeg3@sciencedirect.com,Female,4642404389,Sweden,28/12/2004
581,Keary,Toulson,ktoulsong4@ehow.com,Male,7164745826,Poland,28/09/2018
582,Brandon,Kinchin,bkinching5@unesco.org,Male,7676719201,Indonesia,29/10/2011
583,Fayre,Burn,fburng6@soundcloud.com,Female,2659604133,Indonesia,12/07/2011
584,Rois,Huccaby,rhuccabyg7@psu.edu,Genderfluid,7003527625,Portugal,07/01/2018
585,Leland,Hedge,lhedgeg8@soup.io,Male,6626642269,Indonesia,29/11/1995
586,Anatola,O'Dempsey,aodempseyg9@nymag.com,Female,2591282204,China,06/06/2012
587,Riane,Rivel,rrivelga@vinaora.com,Female,6126444327,Indonesia,25/12/2012
588,Dido,Sayce,dsaycegb@epa.gov,Female,2089267365,Philippines,02/01/2015
589,Lauree,Darycott,ldarycottgc@com.com,Female,1316941187,Kyrgyzstan,27/09/2007
590,Ronnie,Menpes,rmenpesgd@ucsd.edu,Male,6047028297,Greece,21/09/2018
591,Bowie,Marran,bmarrange@imageshack.us,Male,3137075043,Thailand,25/08/2012
592,Taylor,Gecke,tgeckegf@google.fr,Male,4585844942,Philippines,26/02/2013
593,Keefer,Rosling,kroslinggg@jigsy.com,Male,7797543372,Peru,22/08/1998
594,Patti,Garling,pgarlinggh@prweb.com,Female,6609158703,Tunisia,31/03/2017
595,Deeanne,Rigeby,drigebygi@photobucket.com,Female,4006818041,Tanzania,10/10/2011
596,Theodoric,Yexley,tyexleygj@hc360.com,Genderfluid,5586645727,Colombia,03/01/1996
597,Caterina,Mountford,cmountfordgk@examiner.com,Female,7596413034,Indonesia,30/05/1994
598,Jessika,Bromage,jbromagegl@adobe.com,Female,6713891443,French Polynesia,04/06/2020
599,Adair,Battleson,abattlesongm@cocolog-nifty.com,Male,1918222633,China,26/11/2022
600,Hercule,Ferrieroi,hferrieroign@php.net,Bigender,6196207679,Sweden,13/01/2005
601,Munroe,Hattiff,mhattiffgo@omniture.com,Male,8348748198,South Africa,03/05/2007
602,Anya,Baswall,abaswallgp@imageshack.us,Female,1041961985,Japan,10/06/2015
603,Kayne,Rockhill,krockhillgq@cyberchimps.com,Male,7645608337,Argentina,06/12/2021
604,Fanechka,Weippert,fweippertgr@fema.gov,Female,4301373237,Indonesia,19/03/2002
605,Aloysia,Dufer,adufergs@baidu.com,Female,6866647460,Thailand,20/02/2005
606,Brent,Weagener,bweagenergt@phpbb.com,Male,6637789171,China,02/10/2020
607,Hartley,Knightly,hknightlygu@springer.com,Male,9806973194,Vietnam,04/04/2004
608,Sarette,Lumox,slumoxgv@soup.io,Female,4302899824,Poland,27/02/2016
609,Tuckie,Heikkinen,theikkinengw@mlb.com,Male,6939812372,China,26/07/2011
610,Emanuele,Lassey,elasseygx@wordpress.com,Male,5358216391,Brazil,04/04/2017
611,Clem,Baike,cbaikegy@twitter.com,Female,7777168005,Saint Vincent and the Grenadines,13/03/2021
612,Norris,Ragot,nragotgz@sakura.ne.jp,Male,8895045015,China,12/12/2020
613,Steven,Bank,sbankh0@cam.ac.uk,Male,7989527454,China,05/10/2005
614,Baillie,Duprey,bdupreyh1@springer.com,Male,2432764658,Norway,29/10/2019
615,Ebony,Celand,ecelandh2@oakley.com,Female,1795181790,Peru,02/07/2010
616,Dewain,Walcar,dwalcarh3@shareasale.com,Male,6055461538,Argentina,21/07/1997
617,Concettina,Whapham,cwhaphamh4@slideshare.net,Female,9606780470,Colombia,05/03/2012
618,Yuma,Dyment,ydymenth5@bbc.co.uk,Male,2935705955,Sri Lanka,09/01/2009
619,Alon,Abbys,aabbysh6@independent.co.uk,Male,2198239899,Indonesia,18/05/2022
620,Bud,Barter,bbarterh7@seesaa.net,Male,9834259598,Albania,12/03/2022
621,Garrett,Furmedge,gfurmedgeh8@multiply.com,Male,7087390508,Portugal,10/11/1999
622,Clyde,Boote,cbooteh9@google.cn,Male,2195276787,China,24/11/1996
623,Niven,Van Son,nvansonha@wp.com,Male,4608482914,Indonesia,17/05/2019
624,Mathew,Bardsley,mbardsleyhb@histats.com,Male,3636795369,Chile,26/03/1997
625,Siana,Tissier,stissierhc@msn.com,Female,9256054941,Sweden,04/04/2019
626,Yule,Roycroft,yroycrofthd@qq.com,Male,8058200019,Greece,15/09/2009
627,Burl,Brixham,bbrixhamhe@sogou.com,Male,5152047675,Bhutan,30/12/2009
628,Mallory,Wozencroft,mwozencrofthf@ameblo.jp,Female,3351419751,China,31/10/2000
629,Julissa,Tuffin,jtuffinhg@desdev.cn,Female,9993495988,Hungary,01/03/2011
630,Latashia,Spellworth,lspellworthhh@woothemes.com,Female,4616504920,Tuvalu,12/04/1998
631,Lynnette,Candlin,lcandlinhi@wsj.com,Female,6605704132,Norway,23/07/2002
632,Moishe,Sheardown,msheardownhj@macromedia.com,Male,2836552239,Latvia,22/12/2018
633,Alon,O'Shaughnessy,aoshaughnessyhk@indiegogo.com,Male,8199590071,Russia,09/02/1995
634,Murray,Carrell,mcarrellhl@webnode.com,Male,3403309007,China,06/04/2007
635,Jeffie,Calven,jcalvenhm@tinypic.com,Male,3675817496,Russia,05/02/2006
636,Othello,Audenis,oaudenishn@archive.org,Male,9473867570,Poland,03/02/2003
637,Peter,Odegaard,podegaardho@ebay.co.uk,Male,1339655979,Argentina,31/12/2018
638,Carson,Dyers,cdyershp@nasa.gov,Male,1312874377,France,07/03/1995
639,Jeannette,Loreit,jloreithq@uol.com.br,Female,1336540477,China,03/07/2001
640,Marlo,Beausang,mbeausanghr@ameblo.jp,Male,9333243476,Philippines,08/03/2008
641,Darb,Chastel,dchastelhs@nps.gov,Female,6072663580,Russia,31/08/2013
642,Davis,Sandcraft,dsandcraftht@yellowpages.com,Male,8503498199,France,06/10/2019
643,Robenia,Serjeant,rserjeanthu@yahoo.com,Female,3659646333,China,13/11/2018
644,Leon,Hickin,lhickinhv@google.com.br,Male,1217853736,Norway,26/11/1996
645,Constancia,Mackie,cmackiehw@live.com,Non-binary,1226474975,Democratic Republic of the Congo,10/06/2022
646,Rhonda,Dartan,rdartanhx@technorati.com,Female,6768776257,Brazil,08/02/2005
647,Maryjane,Planque,mplanquehy@usnews.com,Bigender,2752790866,Peru,17/05/2019
648,Luther,Boissier,lboissierhz@spotify.com,Male,4437018484,China,04/04/2013
649,Zeb,Likly,zliklyi0@xrea.com,Male,2523685731,Indonesia,27/02/2010
650,Remy,Aynsley,raynsleyi1@storify.com,Female,2129678025,Portugal,23/09/2004
651,Nerty,Roxby,nroxbyi2@state.tx.us,Female,3035045379,Japan,31/12/2013
652,Kermy,Garrard,kgarrardi3@omniture.com,Male,6898359027,Mexico,02/01/1995
653,Konstantine,Pollak,kpollaki4@xing.com,Male,3123294637,Brazil,25/05/2017
654,Nicki,Yalden,nyaldeni5@sfgate.com,Female,8277510708,Argentina,30/04/2005
655,Corabella,Harrell,charrelli6@columbia.edu,Female,1337824507,Philippines,11/07/2009
656,Orazio,Quant,oquanti7@diigo.com,Male,9536859045,Russia,13/09/2001
657,Ramon,Huncote,rhuncotei8@aboutads.info,Male,7569875909,Portugal,16/11/1997
658,Anatol,Gianettini,agianettinii9@youtu.be,Male,9264222457,Indonesia,02/08/2004
659,Bertha,Corssen,bcorssenia@trellian.com,Female,2103195211,Indonesia,24/08/2004
660,Lammond,De Metz,ldemetzib@google.pl,Male,7856931682,Philippines,09/08/1995
661,Eleonora,Dooney,edooneyic@fc2.com,Female,9289982354,China,30/04/1997
662,Perkin,Hiom,phiomid@newyorker.com,Male,5205548969,Portugal,12/07/2000
663,Durand,Ragsdall,dragsdallie@miibeian.gov.cn,Male,3591445943,South Africa,20/07/2009
664,Eden,Etoile,eetoileif@fastcompany.com,Female,9124998438,Pakistan,24/05/2003
665,Leda,Decourcy,ldecourcyig@g.co,Genderqueer,8556365249,China,08/01/2015
666,Fleurette,Boniface,fbonifaceih@dropbox.com,Female,5783685806,China,30/10/2018
667,Ewart,Jedrzejewski,ejedrzejewskiii@unesco.org,Male,2167241892,China,02/11/2016
668,Iago,Verrill,iverrillij@yellowpages.com,Male,5768273793,China,18/08/2013
669,Briney,Sandever,bsandeverik@ning.com,Female,8933918480,Mongolia,22/04/2021
670,Leon,Sutherington,lsutheringtonil@cpanel.net,Male,3886280878,South Africa,14/12/1999
671,Norina,Lenihan,nlenihanim@twitpic.com,Female,5616002845,Philippines,01/02/2000
672,Antons,Panons,apanonsin@techcrunch.com,Male,4754317661,China,12/11/2006
673,Gan,Morrallee,gmorralleeio@yandex.ru,Male,5102697358,Indonesia,16/03/2022
674,Humfried,Atlee,hatleeip@indiatimes.com,Male,7442339364,China,06/10/2011
675,Rahal,Enstone,renstoneiq@nature.com,Female,4052264738,United States,24/11/2018
676,Randa,Paulig,rpauligir@bizjournals.com,Female,6413122655,Indonesia,21/12/2002
677,Fred,Mackriell,fmackriellis@godaddy.com,Polygender,9359509869,Thailand,09/12/1999
678,Briggs,Corder,bcorderit@vk.com,Male,3339831748,Indonesia,05/01/2020
679,Frank,Paffitt,fpaffittiu@si.edu,Male,3748056453,Mexico,24/11/2021
680,Bobbye,Gallager,bgallageriv@clickbank.net,Female,6829982077,United States,13/07/2012
681,Kelcie,Gorbell,kgorbelliw@hostgator.com,Bigender,9138760006,Japan,26/11/1999
682,Eziechiele,Blackwell,eblackwellix@rediff.com,Non-binary,6161199464,Indonesia,28/01/2018
683,Lulita,Gommowe,lgommoweiy@desdev.cn,Female,4995275400,Indonesia,04/04/2014
684,Jameson,Harwick,jharwickiz@amazon.co.uk,Male,7595433607,Kazakhstan,07/02/2013
685,Worthington,Connerly,wconnerlyj0@wufoo.com,Male,2089725132,South Korea,01/04/2008
686,Ellsworth,Lebang,elebangj1@flavors.me,Male,1013585915,Brazil,26/06/2002
687,Riccardo,Champ,rchampj2@cisco.com,Male,9575722595,Greenland,28/11/2009
688,Micaela,Randles,mrandlesj3@hatena.ne.jp,Genderfluid,8406097021,Canada,14/02/2005
689,Ashley,Feechum,afeechumj4@soup.io,Genderqueer,6898060681,China,07/12/2010
690,Barbie,Lawlor,blawlorj5@mapquest.com,Female,7303487901,Russia,22/01/1998
691,Emily,Leggis,eleggisj6@yahoo.com,Female,9399691625,Botswana,12/06/2013
692,Mufi,Tink,mtinkj7@seesaa.net,Female,3084866247,Portugal,03/05/2001
693,Natty,Hartzogs,nhartzogsj8@blogs.com,Female,2262575559,Bangladesh,08/10/2008
694,Lorraine,Kowal,lkowalj9@bbb.org,Female,2845503287,Indonesia,17/06/1999
695,Tedmund,Ewart,tewartja@elegantthemes.com,Male,3347512865,Brazil,13/12/1995
696,Retha,Crut,rcrutjb@networksolutions.com,Female,2409635630,Brazil,29/07/2015
697,Gabriellia,Bolduc,gbolducjc@ustream.tv,Female,3745926703,Venezuela,17/07/2019
698,Natale,Braisher,nbraisherjd@archive.org,Male,7311334936,Netherlands,12/09/2018
699,Falito,Dalzell,fdalzellje@hhs.gov,Agender,8376358849,Brazil,28/10/2008
700,Nicolea,Raith,nraithjf@engadget.com,Female,8944357601,Brazil,17/10/2008
701,Inness,Rudham,irudhamjg@google.it,Male,7182809950,Maldives,30/06/2014
702,Corabella,Ramsdale,cramsdalejh@themeforest.net,Female,1988605077,Philippines,24/12/1994
703,Clemmie,Quinnet,cquinnetji@shinystat.com,Female,1205741013,Indonesia,29/05/2013
704,Ezra,Riccardo,ericcardojj@istockphoto.com,Male,3171335923,Bangladesh,04/07/2007
705,Vinni,Newsham,vnewshamjk@apple.com,Female,7594876131,China,11/09/2002
706,Hurley,Lezemore,hlezemorejl@etsy.com,Male,4058993801,China,11/01/2008
707,Brigida,Manifould,bmanifouldjm@twitter.com,Female,6384479383,Indonesia,26/08/2001
708,Scottie,O'Teague,soteaguejn@bigcartel.com,Male,7131932524,Indonesia,04/05/2020
709,Orren,Bollis,obollisjo@apple.com,Male,1424598627,Ghana,09/06/2012
710,Katharyn,Hamsson,khamssonjp@sourceforge.net,Non-binary,8394142028,China,05/12/1998
711,Davine,Cleall,dclealljq@hubpages.com,Female,4324899430,Thailand,26/12/2017
712,Jillayne,Beamson,jbeamsonjr@wired.com,Female,2415513855,Indonesia,27/05/1998
713,Tedra,Langtree,tlangtreejs@shop-pro.jp,Female,3137917166,China,09/10/1994
714,Halley,Dudeney,hdudeneyjt@wordpress.com,Female,1955754661,Philippines,23/03/2009
715,Travus,Sea,tseaju@google.com.br,Male,1351371866,Russia,24/03/2011
716,Sylvester,Cud,scudjv@businessweek.com,Genderqueer,7252995385,China,26/08/2020
717,Farleigh,Church,fchurchjw@comcast.net,Male,3227956286,Colombia,30/07/2000
718,Cristin,Francescuccio,cfrancescucciojx@amazon.co.uk,Female,5844134591,China,01/10/2019
719,Marcelo,Briscoe,mbriscoejy@nps.gov,Male,4629951398,Russia,09/04/1995
720,Itch,Penner,ipennerjz@bloglines.com,Male,1311263664,Poland,24/03/2012
721,Barney,Dunderdale,bdunderdalek0@newsvine.com,Male,8025299375,Azerbaijan,20/01/2021
722,Maryrose,Woodings,mwoodingsk1@behance.net,Female,6978540585,China,10/07/2004
723,Bing,Rottery,brotteryk2@blinklist.com,Male,6201617740,China,14/04/2018
724,Lazar,Lascell,llascellk3@goodreads.com,Male,9912199578,Argentina,27/05/2017
725,Kellina,Stirgess,kstirgessk4@goo.gl,Female,6542108490,China,01/06/1995
726,Emmey,Simionescu,esimionescuk5@google.co.jp,Female,2837681554,Brazil,16/11/2021
727,Morris,Dwyer,mdwyerk6@cdc.gov,Male,5343724554,Japan,24/06/2009
728,Sanders,Scouse,sscousek7@sourceforge.net,Male,7866896816,Madagascar,07/06/2020
729,Chery,Prigmore,cprigmorek8@elegantthemes.com,Female,8551527339,Colombia,21/11/2015
730,Ray,Walework,rwaleworkk9@un.org,Female,4368656391,Philippines,19/01/2010
731,Tamqrah,Kingman,tkingmanka@gov.uk,Female,8022087235,Pakistan,31/03/2000
732,Meggi,Smallbone,msmallbonekb@blog.com,Agender,1441424551,Russia,29/11/2013
733,Danielle,Bernucci,dbernuccikc@about.com,Female,9693575367,China,29/03/2006
734,Leicester,Giorgio,lgiorgiokd@dagondesign.com,Male,7466112575,Afghanistan,03/12/2011
735,Marjie,Stammers,mstammerske@washingtonpost.com,Female,4038662871,Czech Republic,22/03/2022
736,Wini,McKearnen,wmckearnenkf@list-manage.com,Female,3877399249,Indonesia,01/02/2013
737,Lona,Bonellie,lbonelliekg@ehow.com,Female,3787145062,Philippines,11/09/2006
738,Fritz,Bambery,fbamberykh@devhub.com,Male,8573408603,Philippines,14/06/2002
739,Donnie,Midson,dmidsonki@w3.org,Female,8958496297,Indonesia,24/12/2000
740,Deane,Lawty,dlawtykj@dagondesign.com,Female,8269136206,Spain,19/09/2022
741,Craig,Faunt,cfauntkk@ted.com,Male,8284851431,Indonesia,24/10/2021
742,Pierette,Williscroft,pwilliscroftkl@tinyurl.com,Female,8159119102,Poland,13/09/2021
743,Tedmund,Christauffour,tchristauffourkm@yahoo.co.jp,Male,2068558897,Indonesia,14/08/1995
744,Sadye,Cainey,scaineykn@biblegateway.com,Female,7196673735,China,01/12/2002
745,Madonna,Jozefczak,mjozefczakko@ihg.com,Female,7736390591,Philippines,13/11/2003
746,Skip,Matevosian,smatevosiankp@php.net,Male,9554413381,Indonesia,06/06/2006
747,Denni,Milam,dmilamkq@auda.org.au,Female,6624914933,Argentina,24/08/2014
748,Laurence,Dewey,ldeweykr@xing.com,Male,3446504885,Ireland,01/09/1999
749,Chuck,Zanioletti,czaniolettiks@cargocollective.com,Male,7888929150,Greece,02/02/1998
750,Rhea,Baignard,rbaignardkt@shop-pro.jp,Female,9698843218,Poland,26/08/2010
751,Talia,Merfin,tmerfinku@e-recht24.de,Female,8415246013,Sweden,12/11/2006
752,Salaidh,Shepherdson,sshepherdsonkv@joomla.org,Female,7388761540,France,08/02/1998
753,Wally,Langlands,wlanglandskw@un.org,Female,9246866703,Haiti,04/03/1997
754,Reagan,Hehl,rhehlkx@comcast.net,Male,9842873033,Botswana,15/06/2002
755,Jaclyn,Cleall,jcleallky@vimeo.com,Female,7211514718,Brazil,01/12/2005
756,Roddy,Edeson,redesonkz@soundcloud.com,Male,5715094977,United States,02/07/2011
757,Kathi,McGown,kmcgownl0@cpanel.net,Female,9237502639,Japan,11/10/2022
758,Miof mela,Bruneton,mbrunetonl1@marketwatch.com,Polygender,4341202884,China,02/02/2021
759,Sigismondo,Ickovic,sickovicl2@aboutads.info,Male,8503656454,China,12/08/2001
760,Sydney,Tomkowicz,stomkowiczl3@t-online.de,Male,1574582934,China,06/04/2015
761,Andrew,Hardes,ahardesl4@google.co.uk,Male,1207539553,Indonesia,12/03/2011
762,Renato,Berzins,rberzinsl5@surveymonkey.com,Male,7022478059,Indonesia,26/10/2013
763,Tobye,Cutchie,tcutchiel6@liveinternet.ru,Female,4477607015,China,15/09/2009
764,Jessalin,Zukerman,jzukermanl7@ucoz.com,Female,1226541666,China,30/07/2000
765,Jacquelynn,Tremouille,jtremouillel8@last.fm,Female,3024950109,United States,08/03/2004
766,Edouard,Grunnill,egrunnilll9@sbwire.com,Male,1504401760,Serbia,22/07/1999
767,Guido,Sabathe,gsabathela@foxnews.com,Male,7378619954,Nigeria,16/05/2013
768,Luelle,Shrigley,lshrigleylb@goo.ne.jp,Female,4911588807,Brazil,23/02/2000
769,Lorena,Serrier,lserrierlc@scribd.com,Female,3854801270,China,27/06/1997
770,Shae,Fassam,sfassamld@blogs.com,Male,7615857800,China,05/10/1996
771,Crystie,Voce,cvocele@artisteer.com,Female,4775780005,Myanmar,25/10/2002
772,Tristan,Whittall,twhittalllf@yelp.com,Male,1723220881,Philippines,15/11/2021
773,Julian,Pestell,jpestelllg@senate.gov,Male,5942895832,Honduras,04/03/2020
774,Pete,Bartali,pbartalilh@reddit.com,Male,4771734231,South Africa,20/12/1994
775,Grange,Taffs,gtaffsli@goo.ne.jp,Male,4192545859,Serbia,07/03/2000
776,Alvan,Gerretsen,agerretsenlj@addthis.com,Male,6592920745,China,23/01/2021
777,Fernando,Younie,fyounielk@scribd.com,Male,3138990630,Iran,03/12/2019
778,Miller,Duplock,mduplockll@alexa.com,Male,9121856738,China,11/08/2018
779,Frank,Dannehl,fdannehllm@scribd.com,Female,7741032734,Colombia,08/04/2015
780,Bernetta,Goadby,bgoadbyln@utexas.edu,Female,8349740241,Philippines,24/11/1999
781,Nettie,Alishoner,nalishonerlo@lycos.com,Female,5857433134,Norway,27/06/2016
782,Elsinore,Jack,ejacklp@google.it,Female,9688515794,Sweden,24/12/1996
783,Aura,Moyser,amoyserlq@google.pl,Female,7997288133,Uganda,14/06/1997
784,Klaus,Nutley,knutleylr@hugedomains.com,Male,8911416669,Iran,05/05/2019
785,Ninon,Yurkevich,nyurkevichls@hao123.com,Female,7655183380,Brazil,03/07/1997
786,Tadeas,Hasluck,thaslucklt@tamu.edu,Male,3259749535,Indonesia,09/04/2015
787,Grenville,Jurgen,gjurgenlu@sciencedirect.com,Male,4692010524,China,29/08/1997
788,Waldo,McGarel,wmcgarellv@baidu.com,Male,5737183667,China,06/06/1999
789,Jourdan,Fullagar,jfullagarlw@networkadvertising.org,Female,2396151751,Colombia,20/09/2018
790,Audi,Geldart,ageldartlx@e-recht24.de,Female,2208703015,China,03/11/2022
791,Karissa,Macvey,kmacveyly@virginia.edu,Female,1938200396,China,06/03/2010
792,Chan,Linley,clinleylz@stumbleupon.com,Male,2913782757,Brazil,10/12/2007
793,Sawyer,Morena,smorenam0@nih.gov,Male,5457673487,China,10/10/2006
794,Daryn,Strain,dstrainm1@guardian.co.uk,Female,2058922150,China,25/08/2016
795,Uta,Hessel,uhesselm2@last.fm,Female,3368329097,Japan,18/11/2019
796,Alwin,Brice,abricem3@cdbaby.com,Male,9113656478,Argentina,18/09/1998
797,Jobi,Moule,jmoulem4@typepad.com,Non-binary,1621809551,China,22/11/2013
798,Conny,Casella,ccasellam5@privacy.gov.au,Female,2037117307,United States,13/09/2020
799,Shaun,Goering,sgoeringm6@microsoft.com,Female,3947798746,Poland,10/11/2021
800,Boote,Voce,bvocem7@theatlantic.com,Male,5245674369,Thailand,03/03/2019
801,Cari,Cantrill,ccantrillm8@usgs.gov,Female,9949906131,Portugal,19/09/2008
802,Dorisa,Chell,dchellm9@csmonitor.com,Female,9026079774,Philippines,15/05/2011
803,Coop,Stearne,cstearnema@omniture.com,Male,1592118037,Philippines,11/11/1998
804,Corney,Camerati,ccameratimb@bloglovin.com,Male,2684946581,France,07/01/2005
805,Alyss,Rylett,arylettmc@123-reg.co.uk,Female,4366258636,China,28/01/2015
806,Leta,Adolthine,ladolthinemd@discuz.net,Female,9887803044,Croatia,24/04/1994
807,Elmo,Brymham,ebrymhamme@about.me,Male,4238333436,Haiti,17/03/2020
808,Horatio,Fulmen,hfulmenmf@japanpost.jp,Male,6401920224,Russia,11/10/2011
809,Harmonia,Bygreaves,hbygreavesmg@blogs.com,Female,1324991842,Lesotho,13/11/2010
810,Winifield,Lobb,wlobbmh@1und1.de,Male,7497048039,Netherlands,11/02/2005
811,Faydra,Brahms,fbrahmsmi@techcrunch.com,Female,3684077259,Japan,26/03/2021
812,Florry,Kolakowski,fkolakowskimj@github.io,Female,1498561179,Indonesia,22/08/2000
813,Morton,McClenaghan,mmcclenaghanmk@jimdo.com,Male,3719487701,Libya,11/08/2009
814,Wolfie,Stygall,wstygallml@columbia.edu,Male,6465432681,China,19/11/1994
815,Gaspar,Domeny,gdomenymm@blogs.com,Male,4827704491,China,01/02/2014
816,Friederike,Quinnell,fquinnellmn@linkedin.com,Female,1146339369,Cape Verde,18/01/2011
817,Basile,Alishoner,balishonermo@printfriendly.com,Male,6542496407,Poland,11/01/1999
818,Minnaminnie,Bart,mbartmp@yahoo.com,Female,9892455925,Seychelles,27/12/2012
819,Patience,Claiton,pclaitonmq@hexun.com,Female,2562513862,China,05/11/2020
820,Gennie,Fasson,gfassonmr@sun.com,Female,3278274062,Indonesia,23/05/2003
821,Maude,Blann,mblannms@mashable.com,Female,8387403165,Brazil,27/11/1998
822,Meredithe,Ascraft,mascraftmt@exblog.jp,Female,4097342134,Slovenia,28/11/2004
823,Falkner,Biasioni,fbiasionimu@google.co.uk,Polygender,1006625629,China,29/09/2022
824,Nikolia,Collingridge,ncollingridgemv@tumblr.com,Female,6124516563,China,14/07/1994
825,Gibbie,Roberds,groberdsmw@mediafire.com,Male,2616742401,Czech Republic,31/08/1999
826,Loise,Londesborough,llondesboroughmx@google.cn,Female,8565513601,Colombia,12/07/2018
827,Mariya,McIlvaney,mmcilvaneymy@tinypic.com,Female,9132534365,Indonesia,12/07/2012
828,Kimberlee,Fordy,kfordymz@mayoclinic.com,Female,3096733233,Portugal,06/07/2015
829,Webster,Pucknell,wpucknelln0@oracle.com,Bigender,2111136519,Russia,12/07/2001
830,De witt,Copplestone,dcopplestonen1@forbes.com,Male,3628832472,Poland,28/08/2000
831,Bennie,Fitchell,bfitchelln2@sitemeter.com,Polygender,6503523536,Indonesia,14/05/2001
832,Car,Millyard,cmillyardn3@scribd.com,Male,5321833590,Japan,25/04/2001
833,Joni,Lincke,jlincken4@is.gd,Female,9957171946,China,23/07/2010
834,Astrix,Pauletto,apauletton5@github.io,Female,2459863154,Bulgaria,24/10/2015
835,Winston,Learmouth,wlearmouthn6@un.org,Male,5911317571,Czech Republic,03/08/2007
836,Tara,Jendas,tjendasn7@phpbb.com,Female,2726552075,Philippines,19/01/2002
837,Quentin,Flicker,qflickern8@fc2.com,Male,6258126989,Philippines,19/11/1994
838,Dodie,Woodfin,dwoodfinn9@spotify.com,Polygender,8193961747,China,06/12/2001
839,Earlie,Gantlett,egantlettna@nasa.gov,Male,2989500482,Portugal,22/03/2000
840,Barry,Jelf,bjelfnb@addtoany.com,Female,2461207865,Russia,20/01/2002
841,Caril,Reichelt,creicheltnc@cbslocal.com,Female,4526749743,Russia,17/09/2007
842,Randa,Di Biasio,rdibiasiond@pinterest.com,Female,2603646383,Poland,18/06/2010
843,Bessie,Boswell,bboswellne@example.com,Female,6952074491,China,30/08/2011
844,Mark,Copelli,mcopellinf@goodreads.com,Male,4429283399,Poland,18/02/2021
845,Ferrell,O'Loughlin,foloughlinng@symantec.com,Male,8077974313,Indonesia,23/07/1995
846,Reba,Boden,rbodennh@phpbb.com,Bigender,4723220637,Philippines,11/03/2007
847,Jock,Bullan,jbullanni@google.co.uk,Male,4702185201,Portugal,15/03/1995
848,Janelle,Wheelhouse,jwheelhousenj@ibm.com,Female,8197213755,Russia,27/06/2020
849,Frederigo,Vye,fvyenk@hugedomains.com,Male,3536538503,China,15/10/1998
850,Jazmin,Milksop,jmilksopnl@fc2.com,Female,3423258235,Kazakhstan,24/01/1996
851,Alexi,McRobbie,amcrobbienm@jalbum.net,Female,8535430683,Russia,24/08/2004
852,Cordie,Stokes,cstokesnn@w3.org,Non-binary,1985101606,Serbia,03/02/2001
853,Xaviera,Maulin,xmaulinno@e-recht24.de,Female,3413245311,China,01/09/1994
854,Kissee,Hanning,khanningnp@bandcamp.com,Female,8686915251,Nigeria,11/03/2010
855,Caresa,Toth,ctothnq@google.it,Female,5662801769,China,28/08/2019
856,Hayden,Loughan,hloughannr@sfgate.com,Male,2319222379,China,31/12/2006
857,Dell,Clineck,dclineckns@ted.com,Male,3197355427,Poland,27/01/1997
858,Alfy,Edgecumbe,aedgecumbent@mediafire.com,Male,6889130320,Indonesia,11/04/2007
859,Fallon,Platts,fplattsnu@census.gov,Female,1385742551,Belarus,10/01/2001
860,Nanci,Colgan,ncolgannv@google.cn,Female,6034001350,France,27/08/2003
861,Kamilah,Wiggam,kwiggamnw@deviantart.com,Female,7942654552,Mauritius,24/01/1999
862,Claiborne,Kolczynski,ckolczynskinx@parallels.com,Male,2121226954,France,16/01/2011
863,Wiatt,Turbat,wturbatny@intel.com,Male,6366727221,Indonesia,03/03/2003
864,Pearla,Bickerdyke,pbickerdykenz@tamu.edu,Female,5446423524,Saint Kitts and Nevis,05/01/1998
865,Aaren,McArthur,amcarthuro0@meetup.com,Female,1103955153,Kenya,04/09/2021
866,Rafaellle,Squire,rsquireo1@wikia.com,Male,9327307105,Argentina,24/04/2016
867,Christoph,Wreak,cwreako2@360.cn,Male,3569042946,China,03/09/2013
868,Marcella,Brisco,mbriscoo3@slashdot.org,Female,2975710768,China,23/01/2008
869,Charla,Ramelot,crameloto4@zimbio.com,Female,3192905073,Japan,30/04/2001
870,Natalina,Kilmaster,nkilmastero5@mit.edu,Female,5369690929,Zambia,02/04/2011
871,Ewen,Dunnan,edunnano6@imageshack.us,Non-binary,4398372696,Mexico,01/08/2004
872,Even,Kettlewell,ekettlewello7@about.me,Male,1759908601,Sierra Leone,15/10/2000
873,Gwyneth,Farrier,gfarriero8@diigo.com,Female,7696664816,China,06/01/1997
874,Reggie,Shoobridge,rshoobridgeo9@yellowbook.com,Male,1895196530,Saudi Arabia,19/12/1996
875,Benton,Matushevich,bmatushevichoa@blogtalkradio.com,Male,7239544177,Philippines,27/09/2002
876,Gabriella,Vose,gvoseob@php.net,Genderfluid,4516822056,Russia,17/09/2005
877,Burgess,Laven,blavenoc@sohu.com,Male,8568850970,Nepal,01/09/2006
878,Matteo,Anscombe,manscombeod@japanpost.jp,Male,5494237904,Poland,21/01/2002
879,Tobin,Giraths,tgirathsoe@dedecms.com,Male,1222067730,Poland,14/01/2002
880,Gussi,Stebbins,gstebbinsof@tiny.cc,Female,4183942636,China,17/11/2015
881,Arch,Hedgecock,ahedgecockog@tinyurl.com,Male,2082817381,Portugal,26/04/2004
882,Madelyn,Mayberry,mmayberryoh@techcrunch.com,Female,6348333339,Russia,30/06/1995
883,Andres,Cousin,acousinoi@linkedin.com,Male,2802260745,Russia,01/05/2004
884,Anabella,Aristide,aaristideoj@google.co.uk,Female,3893345646,Egypt,20/05/2004
885,Adolph,Treasure,atreasureok@creativecommons.org,Male,8988945005,China,11/08/2011
886,Merry,Kinsley,mkinsleyol@mayoclinic.com,Female,5954282456,Russia,09/08/1995
887,Fabio,Lidgely,flidgelyom@wufoo.com,Male,4989485446,Armenia,05/08/2009
888,Domini,Priestnall,dpriestnallon@geocities.jp,Female,8251762531,Ukraine,26/03/2002
889,Cyrillus,Croll,ccrolloo@google.ru,Agender,2006310327,Ukraine,22/06/1995
890,Jacobo,Brake,jbrakeop@about.com,Male,3172666010,Russia,22/12/1998
891,Marsha,Seemmonds,mseemmondsoq@reuters.com,Female,5655883803,Taiwan,08/08/2016
892,Bale,Crowcombe,bcrowcombeor@scientificamerican.com,Male,2209513612,China,24/06/2021
893,Morty,Prydie,mprydieos@thetimes.co.uk,Male,1549755567,China,30/06/2022
894,Sophie,Wintringham,swintringhamot@gravatar.com,Genderfluid,1605644331,Georgia,06/04/2002
895,Simonette,Blackmoor,sblackmoorou@twitter.com,Female,9978202330,Indonesia,14/02/2019
896,Nydia,Fratson,nfratsonov@bing.com,Female,9903911409,Brazil,11/05/2010
897,Andros,Hayzer,ahayzerow@jiathis.com,Male,3628279417,Indonesia,11/07/2008
898,Rowan,Breton,rbretonox@slate.com,Male,9105500621,Yemen,22/11/2015
899,Wendall,Wawer,wwaweroy@ning.com,Male,7544988537,Ukraine,01/11/2008
900,John,Francom,jfrancomoz@un.org,Male,2676213670,Portugal,18/07/2017
901,Harmonie,Parmiter,hparmiterp0@wsj.com,Female,4424812388,China,29/12/2001
902,Linell,Houlton,lhoultonp1@nydailynews.com,Female,3829980925,Indonesia,09/11/2017
903,Diana,Bernardoux,dbernardouxp2@latimes.com,Female,1234518110,Indonesia,02/03/2018
904,Tracy,Negus,tnegusp3@ehow.com,Genderfluid,4692762297,Russia,24/12/1996
905,Cristionna,Domange,cdomangep4@networksolutions.com,Female,8444732712,French Polynesia,16/03/2001
906,Marcia,Blinder,mblinderp5@amazon.co.jp,Female,4683050035,Canada,18/11/2006
907,Goraud,Golledge,ggolledgep6@boston.com,Male,2005972193,Brazil,19/02/2018
908,Horacio,Harbar,hharbarp7@google.es,Male,6729048091,Indonesia,27/08/1995
909,Eveline,Comfort,ecomfortp8@g.co,Female,8197738425,Brazil,28/09/2013
910,Tamera,Shervington,tshervingtonp9@e-recht24.de,Female,1398500900,Indonesia,22/06/2009
911,Boote,Douch,bdouchpa@gov.uk,Male,4247944323,Peru,29/06/2022
912,Jacenta,Pargiter,jpargiterpb@cbslocal.com,Female,3695428060,Sweden,24/10/2011
913,Fran,Goves,fgovespc@google.de,Female,1977579914,Brazil,04/07/2005
914,Clarita,Hathway,chathwaypd@berkeley.edu,Agender,8462969511,China,10/04/2016
915,Hattie,Filippone,hfilipponepe@w3.org,Female,5569351095,Kiribati,11/09/1996
916,Nikoletta,Pikesley,npikesleypf@berkeley.edu,Female,8766375394,Greece,21/12/2001
917,Jessie,Regelous,jregelouspg@amazon.com,Female,3971140477,Russia,13/10/2010
918,Damian,Greystock,dgreystockph@over-blog.com,Male,9961168009,France,03/07/2016
919,Saidee,Keese,skeesepi@amazon.com,Female,3365214966,France,11/12/2006
920,Jayson,Udy,judypj@mayoclinic.com,Male,2974047207,Indonesia,17/02/2005
921,Maure,Cartmer,mcartmerpk@woothemes.com,Female,5119670071,China,30/10/2008
922,Vonnie,Northam,vnorthampl@ted.com,Female,6815529884,Sweden,02/11/2021
923,Catharine,Morrow,cmorrowpm@163.com,Female,3663142608,Philippines,27/05/2011
924,Teodora,Pitrelli,tpitrellipn@pen.io,Female,2508311539,Japan,14/02/2017
925,Larina,Crank,lcrankpo@pcworld.com,Female,5347208809,Pakistan,12/01/2008
926,Franciskus,Earpe,fearpepp@clickbank.net,Male,9759591877,Russia,19/11/2014
927,Jayme,Reinbach,jreinbachpq@smugmug.com,Female,3798558595,Colombia,13/07/2008
928,Donall,Citrine,dcitrinepr@psu.edu,Male,6061381154,China,05/07/2006
929,Gustaf,Waycott,gwaycottps@patch.com,Male,5709424401,China,15/12/2010
930,Ariadne,Naisbitt,anaisbittpt@ocn.ne.jp,Bigender,1026560617,Portugal,03/04/1996
931,Lory,Bayldon,lbayldonpu@bloglovin.com,Female,1729450268,Philippines,02/10/1997
932,Myriam,Matuszyk,mmatuszykpv@cocolog-nifty.com,Female,7306071155,China,28/01/1996
933,Lainey,Handling,lhandlingpw@princeton.edu,Female,1294899241,Uganda,27/06/2017
934,Teodorico,Riordan,triordanpx@illinois.edu,Male,7204852622,Philippines,08/03/2022
935,Ellerey,Milburne,emilburnepy@businessweek.com,Male,6123074768,Indonesia,11/10/2012
936,Noll,Bogges,nboggespz@umich.edu,Male,5488179759,Nigeria,30/12/2013
937,Penny,Borham,pborhamq0@hao123.com,Agender,2324380113,France,02/05/2018
938,Loretta,Shrimptone,lshrimptoneq1@loc.gov,Female,9529052147,United States,13/02/1995
939,Clement,Kupec,ckupecq2@feedburner.com,Male,4384450232,Ireland,21/03/2009
940,Brewer,Dewitt,bdewittq3@prweb.com,Male,8563027645,Russia,15/01/2001
941,Dennet,Simmon,dsimmonq4@51.la,Male,4472723786,China,16/05/2005
942,Abigale,Baird,abairdq5@theglobeandmail.com,Female,4975264857,Chile,24/04/2006
943,Nevil,Edowes,nedowesq6@time.com,Male,6746208585,Brazil,26/01/2021
944,Sampson,Swetmore,sswetmoreq7@hostgator.com,Male,5118439206,Russia,12/10/2019
945,Creight,Ockleshaw,cockleshawq8@histats.com,Male,9516060825,France,21/03/2013
946,Ferdy,Jerzak,fjerzakq9@reference.com,Male,7006346204,Yemen,17/03/2010
947,Catherina,Millott,cmillottqa@oracle.com,Female,4863775336,Yemen,26/07/2001
948,Twyla,Radbone,tradboneqb@alexa.com,Female,4128342620,Poland,03/03/2004
949,Theodoric,Cohani,tcohaniqc@boston.com,Male,4013893892,China,26/05/2007
950,Viviyan,Yegorev,vyegorevqd@plala.or.jp,Female,8286545839,Saudi Arabia,14/12/2018
951,Niki,Rand,nrandqe@washington.edu,Male,1475687971,Indonesia,27/04/1999
952,Fred,Wortt,fworttqf@cocolog-nifty.com,Male,2337602386,China,15/10/2014
953,Sigfrid,Paton,spatonqg@newyorker.com,Male,9254156932,Finland,15/10/2002
954,Yetta,Tummasutti,ytummasuttiqh@reddit.com,Female,8187384811,China,08/06/2019
955,Ogden,Stell,ostellqi@google.fr,Male,9587816446,Indonesia,06/08/2021
956,Sheilakathryn,Yeowell,syeowellqj@a8.net,Female,7717370644,Albania,11/06/2001
957,Cesar,Wyrill,cwyrillqk@unicef.org,Male,8316576346,Afghanistan,16/10/1995
958,Geri,Oolahan,goolahanql@elegantthemes.com,Non-binary,9905063997,Russia,08/03/1995
959,Andonis,Tollfree,atollfreeqm@blogger.com,Male,7635768598,Armenia,26/03/2004
960,Miner,Sorley,msorleyqn@uol.com.br,Male,8204882236,Namibia,06/01/1999
961,Brier,Evenett,bevenettqo@github.com,Female,9221952944,Argentina,20/06/1994
962,Noelani,Ruggs,nruggsqp@scientificamerican.com,Female,2162288786,China,03/05/2008
963,Whitney,Kiernan,wkiernanqq@mac.com,Female,2778078210,Philippines,23/07/2010
964,Carolin,Gingle,cgingleqr@cocolog-nifty.com,Female,5895810553,Philippines,08/12/2002
965,Clerc,Hoodspeth,choodspethqs@skype.com,Male,6295351331,China,21/08/2012
966,Burtie,Davet,bdavetqt@digg.com,Male,9308306729,Chile,19/09/2007
967,Elfrida,Grissett,egrissettqu@blinklist.com,Female,8313679567,Poland,05/07/2018
968,Baily,Coalburn,bcoalburnqv@mayoclinic.com,Agender,1018965262,Chile,12/07/2007
969,Cass,Branigan,cbraniganqw@guardian.co.uk,Female,8975245057,Brazil,08/04/2016
970,Arin,Phaup,aphaupqx@linkedin.com,Male,7488330821,Serbia,14/03/2004
971,Keith,Buzek,kbuzekqy@usgs.gov,Male,2311547233,Indonesia,18/11/2014
972,Eilis,O'Drought,eodroughtqz@pagesperso-orange.fr,Female,6617807517,Vietnam,25/12/2016
973,Adrian,Eberle,aeberler0@csmonitor.com,Male,2874137415,Japan,22/04/2017
974,Powell,Thairs,pthairsr1@lycos.com,Male,7397240540,Sweden,27/05/2016
975,Fraze,Aneley,faneleyr2@comcast.net,Male,8249953769,Mexico,21/02/2022
976,Ilario,Klaessen,iklaessenr3@ftc.gov,Male,7578150369,Uruguay,08/01/2009
977,Teresa,Davidoff,tdavidoffr4@studiopress.com,Female,7999109999,Kazakhstan,17/07/1995
978,Thatch,Hughlock,thughlockr5@businesswire.com,Male,7162638291,Japan,25/11/1998
979,Talbot,Ksandra,tksandrar6@ovh.net,Male,8804048164,China,10/11/2011
980,Marielle,MacAnelley,mmacanelleyr7@pcworld.com,Female,4203720297,Sweden,22/10/1995
981,Heida,Misk,hmiskr8@senate.gov,Female,8485750075,Russia,28/07/1995
982,Thorsten,Huke,thuker9@goo.gl,Male,3842501238,China,31/01/2010
983,Marvin,Seligson,mseligsonra@diigo.com,Male,1398418054,Japan,20/03/2002
984,Ethelind,Butterly,ebutterlyrb@usda.gov,Female,5417998644,Honduras,19/01/2017
985,Torie,Shireff,tshireffrc@netvibes.com,Female,9274552855,Norway,22/09/2001
986,Hube,Harder,hharderrd@hao123.com,Genderfluid,4108344858,China,02/01/2004
987,Renato,Scholling,rschollingre@disqus.com,Male,5972653064,Canada,01/03/2014
988,Billy,Quesne,bquesnerf@blogspot.com,Female,3225396635,Russia,14/11/1999
989,Suzi,Kuscha,skuscharg@tiny.cc,Female,8295350654,Philippines,23/03/2004
990,Cordula,Beamand,cbeamandrh@360.cn,Female,4915898478,Thailand,21/05/2004
991,Ora,Roberto,orobertori@mysql.com,Female,3965745041,Yemen,27/07/2017
992,Beau,Webben,bwebbenrj@jugem.jp,Male,1988549780,Ukraine,07/10/2016
993,Karly,Brudenell,kbrudenellrk@ehow.com,Female,1268429438,Peru,18/04/2010
994,Kalindi,Uglow,kuglowrl@lulu.com,Female,9657062146,Indonesia,28/10/1995
995,Sheba,Coaster,scoasterrm@bloglines.com,Female,5791304712,France,29/12/1994
996,Biddie,O'Fallowne,bofallownern@geocities.jp,Female,1437583525,China,11/07/2001
997,Katlin,Lasty,klastyro@surveymonkey.com,Female,4815962887,China,17/09/2001
998,Orlan,Hornig,ohornigrp@shutterfly.com,Male,3755177766,Central African Republic,13/12/2011
999,Cindee,Kenway,ckenwayrq@reuters.com,Female,9288398230,Russia,21/03/1998
1000,Gina,Ward,gwardrr@ucla.edu,Female,6182229936,Indonesia,10/08/2007
